simulation_1.fq.gz	reads	None	18834
simulation_1.fq.gz	read_len	150	18834
simulation_1.fq.gz	q05	1	28
simulation_1.fq.gz	q25	1	34
simulation_1.fq.gz	q50	1	34
simulation_1.fq.gz	q75	1	34
simulation_1.fq.gz	q95	1	34
simulation_1.fq.gz	q05	2	28
simulation_1.fq.gz	q25	2	34
simulation_1.fq.gz	q50	2	34
simulation_1.fq.gz	q75	2	34
simulation_1.fq.gz	q95	2	34
simulation_1.fq.gz	q05	3	16
simulation_1.fq.gz	q25	3	34
simulation_1.fq.gz	q50	3	34
simulation_1.fq.gz	q75	3	34
simulation_1.fq.gz	q95	3	34
simulation_1.fq.gz	q05	4	16
simulation_1.fq.gz	q25	4	34
simulation_1.fq.gz	q50	4	38
simulation_1.fq.gz	q75	4	38
simulation_1.fq.gz	q95	4	38
simulation_1.fq.gz	q05	5	28
simulation_1.fq.gz	q25	5	38
simulation_1.fq.gz	q50	5	38
simulation_1.fq.gz	q75	5	38
simulation_1.fq.gz	q95	5	38
simulation_1.fq.gz	q05	6	34
simulation_1.fq.gz	q25	6	38
simulation_1.fq.gz	q50	6	38
simulation_1.fq.gz	q75	6	38
simulation_1.fq.gz	q95	6	38
simulation_1.fq.gz	q05	7	34
simulation_1.fq.gz	q25	7	38
simulation_1.fq.gz	q50	7	38
simulation_1.fq.gz	q75	7	38
simulation_1.fq.gz	q95	7	38
simulation_1.fq.gz	q05	8	34
simulation_1.fq.gz	q25	8	38
simulation_1.fq.gz	q50	8	38
simulation_1.fq.gz	q75	8	38
simulation_1.fq.gz	q95	8	38
simulation_1.fq.gz	q05	9	34
simulation_1.fq.gz	q25	9	38
simulation_1.fq.gz	q50	9	38
simulation_1.fq.gz	q75	9	38
simulation_1.fq.gz	q95	9	38
simulation_1.fq.gz	q05	10	34
simulation_1.fq.gz	q25	10	38
simulation_1.fq.gz	q50	10	38
simulation_1.fq.gz	q75	10	38
simulation_1.fq.gz	q95	10	38
simulation_1.fq.gz	q05	11	34
simulation_1.fq.gz	q25	11	38
simulation_1.fq.gz	q50	11	38
simulation_1.fq.gz	q75	11	38
simulation_1.fq.gz	q95	11	38
simulation_1.fq.gz	q05	12	34
simulation_1.fq.gz	q25	12	38
simulation_1.fq.gz	q50	12	38
simulation_1.fq.gz	q75	12	38
simulation_1.fq.gz	q95	12	38
simulation_1.fq.gz	q05	13	34
simulation_1.fq.gz	q25	13	38
simulation_1.fq.gz	q50	13	38
simulation_1.fq.gz	q75	13	38
simulation_1.fq.gz	q95	13	38
simulation_1.fq.gz	q05	14	34
simulation_1.fq.gz	q25	14	38
simulation_1.fq.gz	q50	14	41
simulation_1.fq.gz	q75	14	41
simulation_1.fq.gz	q95	14	41
simulation_1.fq.gz	q05	15	34
simulation_1.fq.gz	q25	15	38
simulation_1.fq.gz	q50	15	41
simulation_1.fq.gz	q75	15	41
simulation_1.fq.gz	q95	15	41
simulation_1.fq.gz	q05	16	34
simulation_1.fq.gz	q25	16	38
simulation_1.fq.gz	q50	16	41
simulation_1.fq.gz	q75	16	41
simulation_1.fq.gz	q95	16	41
simulation_1.fq.gz	q05	17	34
simulation_1.fq.gz	q25	17	38
simulation_1.fq.gz	q50	17	41
simulation_1.fq.gz	q75	17	41
simulation_1.fq.gz	q95	17	41
simulation_1.fq.gz	q05	18	34
simulation_1.fq.gz	q25	18	38
simulation_1.fq.gz	q50	18	41
simulation_1.fq.gz	q75	18	41
simulation_1.fq.gz	q95	18	41
simulation_1.fq.gz	q05	19	34
simulation_1.fq.gz	q25	19	38
simulation_1.fq.gz	q50	19	41
simulation_1.fq.gz	q75	19	41
simulation_1.fq.gz	q95	19	41
simulation_1.fq.gz	q05	20	34
simulation_1.fq.gz	q25	20	38
simulation_1.fq.gz	q50	20	41
simulation_1.fq.gz	q75	20	41
simulation_1.fq.gz	q95	20	41
simulation_1.fq.gz	q05	21	34
simulation_1.fq.gz	q25	21	38
simulation_1.fq.gz	q50	21	41
simulation_1.fq.gz	q75	21	41
simulation_1.fq.gz	q95	21	41
simulation_1.fq.gz	q05	22	34
simulation_1.fq.gz	q25	22	38
simulation_1.fq.gz	q50	22	41
simulation_1.fq.gz	q75	22	41
simulation_1.fq.gz	q95	22	41
simulation_1.fq.gz	q05	23	34
simulation_1.fq.gz	q25	23	38
simulation_1.fq.gz	q50	23	41
simulation_1.fq.gz	q75	23	41
simulation_1.fq.gz	q95	23	41
simulation_1.fq.gz	q05	24	34
simulation_1.fq.gz	q25	24	38
simulation_1.fq.gz	q50	24	41
simulation_1.fq.gz	q75	24	41
simulation_1.fq.gz	q95	24	41
simulation_1.fq.gz	q05	25	34
simulation_1.fq.gz	q25	25	38
simulation_1.fq.gz	q50	25	41
simulation_1.fq.gz	q75	25	41
simulation_1.fq.gz	q95	25	41
simulation_1.fq.gz	q05	26	34
simulation_1.fq.gz	q25	26	38
simulation_1.fq.gz	q50	26	41
simulation_1.fq.gz	q75	26	41
simulation_1.fq.gz	q95	26	41
simulation_1.fq.gz	q05	27	34
simulation_1.fq.gz	q25	27	38
simulation_1.fq.gz	q50	27	41
simulation_1.fq.gz	q75	27	41
simulation_1.fq.gz	q95	27	41
simulation_1.fq.gz	q05	28	34
simulation_1.fq.gz	q25	28	38
simulation_1.fq.gz	q50	28	41
simulation_1.fq.gz	q75	28	41
simulation_1.fq.gz	q95	28	41
simulation_1.fq.gz	q05	29	34
simulation_1.fq.gz	q25	29	38
simulation_1.fq.gz	q50	29	41
simulation_1.fq.gz	q75	29	41
simulation_1.fq.gz	q95	29	41
simulation_1.fq.gz	q05	30	34
simulation_1.fq.gz	q25	30	38
simulation_1.fq.gz	q50	30	41
simulation_1.fq.gz	q75	30	41
simulation_1.fq.gz	q95	30	41
simulation_1.fq.gz	q05	31	34
simulation_1.fq.gz	q25	31	38
simulation_1.fq.gz	q50	31	41
simulation_1.fq.gz	q75	31	41
simulation_1.fq.gz	q95	31	41
simulation_1.fq.gz	q05	32	34
simulation_1.fq.gz	q25	32	38
simulation_1.fq.gz	q50	32	41
simulation_1.fq.gz	q75	32	41
simulation_1.fq.gz	q95	32	41
simulation_1.fq.gz	q05	33	34
simulation_1.fq.gz	q25	33	38
simulation_1.fq.gz	q50	33	41
simulation_1.fq.gz	q75	33	41
simulation_1.fq.gz	q95	33	41
simulation_1.fq.gz	q05	34	34
simulation_1.fq.gz	q25	34	38
simulation_1.fq.gz	q50	34	41
simulation_1.fq.gz	q75	34	41
simulation_1.fq.gz	q95	34	41
simulation_1.fq.gz	q05	35	34
simulation_1.fq.gz	q25	35	38
simulation_1.fq.gz	q50	35	41
simulation_1.fq.gz	q75	35	41
simulation_1.fq.gz	q95	35	41
simulation_1.fq.gz	q05	36	34
simulation_1.fq.gz	q25	36	38
simulation_1.fq.gz	q50	36	41
simulation_1.fq.gz	q75	36	41
simulation_1.fq.gz	q95	36	41
simulation_1.fq.gz	q05	37	34
simulation_1.fq.gz	q25	37	38
simulation_1.fq.gz	q50	37	41
simulation_1.fq.gz	q75	37	41
simulation_1.fq.gz	q95	37	41
simulation_1.fq.gz	q05	38	28
simulation_1.fq.gz	q25	38	38
simulation_1.fq.gz	q50	38	41
simulation_1.fq.gz	q75	38	41
simulation_1.fq.gz	q95	38	41
simulation_1.fq.gz	q05	39	28
simulation_1.fq.gz	q25	39	38
simulation_1.fq.gz	q50	39	41
simulation_1.fq.gz	q75	39	41
simulation_1.fq.gz	q95	39	41
simulation_1.fq.gz	q05	40	34
simulation_1.fq.gz	q25	40	38
simulation_1.fq.gz	q50	40	41
simulation_1.fq.gz	q75	40	41
simulation_1.fq.gz	q95	40	41
simulation_1.fq.gz	q05	41	34
simulation_1.fq.gz	q25	41	38
simulation_1.fq.gz	q50	41	41
simulation_1.fq.gz	q75	41	41
simulation_1.fq.gz	q95	41	41
simulation_1.fq.gz	q05	42	28
simulation_1.fq.gz	q25	42	38
simulation_1.fq.gz	q50	42	41
simulation_1.fq.gz	q75	42	41
simulation_1.fq.gz	q95	42	41
simulation_1.fq.gz	q05	43	28
simulation_1.fq.gz	q25	43	38
simulation_1.fq.gz	q50	43	41
simulation_1.fq.gz	q75	43	41
simulation_1.fq.gz	q95	43	41
simulation_1.fq.gz	q05	44	28
simulation_1.fq.gz	q25	44	38
simulation_1.fq.gz	q50	44	41
simulation_1.fq.gz	q75	44	41
simulation_1.fq.gz	q95	44	41
simulation_1.fq.gz	q05	45	28
simulation_1.fq.gz	q25	45	38
simulation_1.fq.gz	q50	45	41
simulation_1.fq.gz	q75	45	41
simulation_1.fq.gz	q95	45	41
simulation_1.fq.gz	q05	46	28
simulation_1.fq.gz	q25	46	38
simulation_1.fq.gz	q50	46	41
simulation_1.fq.gz	q75	46	41
simulation_1.fq.gz	q95	46	41
simulation_1.fq.gz	q05	47	28
simulation_1.fq.gz	q25	47	38
simulation_1.fq.gz	q50	47	38
simulation_1.fq.gz	q75	47	41
simulation_1.fq.gz	q95	47	41
simulation_1.fq.gz	q05	48	28
simulation_1.fq.gz	q25	48	38
simulation_1.fq.gz	q50	48	38
simulation_1.fq.gz	q75	48	41
simulation_1.fq.gz	q95	48	41
simulation_1.fq.gz	q05	49	28
simulation_1.fq.gz	q25	49	38
simulation_1.fq.gz	q50	49	38
simulation_1.fq.gz	q75	49	41
simulation_1.fq.gz	q95	49	41
simulation_1.fq.gz	q05	50	28
simulation_1.fq.gz	q25	50	38
simulation_1.fq.gz	q50	50	38
simulation_1.fq.gz	q75	50	41
simulation_1.fq.gz	q95	50	41
simulation_1.fq.gz	q05	51	28
simulation_1.fq.gz	q25	51	38
simulation_1.fq.gz	q50	51	38
simulation_1.fq.gz	q75	51	41
simulation_1.fq.gz	q95	51	41
simulation_1.fq.gz	q05	52	28
simulation_1.fq.gz	q25	52	38
simulation_1.fq.gz	q50	52	38
simulation_1.fq.gz	q75	52	41
simulation_1.fq.gz	q95	52	41
simulation_1.fq.gz	q05	53	28
simulation_1.fq.gz	q25	53	38
simulation_1.fq.gz	q50	53	38
simulation_1.fq.gz	q75	53	41
simulation_1.fq.gz	q95	53	41
simulation_1.fq.gz	q05	54	28
simulation_1.fq.gz	q25	54	38
simulation_1.fq.gz	q50	54	38
simulation_1.fq.gz	q75	54	41
simulation_1.fq.gz	q95	54	41
simulation_1.fq.gz	q05	55	28
simulation_1.fq.gz	q25	55	38
simulation_1.fq.gz	q50	55	38
simulation_1.fq.gz	q75	55	41
simulation_1.fq.gz	q95	55	41
simulation_1.fq.gz	q05	56	28
simulation_1.fq.gz	q25	56	38
simulation_1.fq.gz	q50	56	38
simulation_1.fq.gz	q75	56	41
simulation_1.fq.gz	q95	56	41
simulation_1.fq.gz	q05	57	28
simulation_1.fq.gz	q25	57	38
simulation_1.fq.gz	q50	57	38
simulation_1.fq.gz	q75	57	41
simulation_1.fq.gz	q95	57	41
simulation_1.fq.gz	q05	58	28
simulation_1.fq.gz	q25	58	38
simulation_1.fq.gz	q50	58	38
simulation_1.fq.gz	q75	58	41
simulation_1.fq.gz	q95	58	41
simulation_1.fq.gz	q05	59	28
simulation_1.fq.gz	q25	59	38
simulation_1.fq.gz	q50	59	38
simulation_1.fq.gz	q75	59	41
simulation_1.fq.gz	q95	59	41
simulation_1.fq.gz	q05	60	28
simulation_1.fq.gz	q25	60	38
simulation_1.fq.gz	q50	60	38
simulation_1.fq.gz	q75	60	41
simulation_1.fq.gz	q95	60	41
simulation_1.fq.gz	q05	61	28
simulation_1.fq.gz	q25	61	38
simulation_1.fq.gz	q50	61	38
simulation_1.fq.gz	q75	61	41
simulation_1.fq.gz	q95	61	41
simulation_1.fq.gz	q05	62	28
simulation_1.fq.gz	q25	62	38
simulation_1.fq.gz	q50	62	38
simulation_1.fq.gz	q75	62	41
simulation_1.fq.gz	q95	62	41
simulation_1.fq.gz	q05	63	28
simulation_1.fq.gz	q25	63	34
simulation_1.fq.gz	q50	63	38
simulation_1.fq.gz	q75	63	38
simulation_1.fq.gz	q95	63	41
simulation_1.fq.gz	q05	64	28
simulation_1.fq.gz	q25	64	34
simulation_1.fq.gz	q50	64	38
simulation_1.fq.gz	q75	64	38
simulation_1.fq.gz	q95	64	41
simulation_1.fq.gz	q05	65	28
simulation_1.fq.gz	q25	65	34
simulation_1.fq.gz	q50	65	38
simulation_1.fq.gz	q75	65	38
simulation_1.fq.gz	q95	65	41
simulation_1.fq.gz	q05	66	28
simulation_1.fq.gz	q25	66	34
simulation_1.fq.gz	q50	66	38
simulation_1.fq.gz	q75	66	38
simulation_1.fq.gz	q95	66	41
simulation_1.fq.gz	q05	67	28
simulation_1.fq.gz	q25	67	34
simulation_1.fq.gz	q50	67	38
simulation_1.fq.gz	q75	67	38
simulation_1.fq.gz	q95	67	41
simulation_1.fq.gz	q05	68	28
simulation_1.fq.gz	q25	68	34
simulation_1.fq.gz	q50	68	38
simulation_1.fq.gz	q75	68	38
simulation_1.fq.gz	q95	68	41
simulation_1.fq.gz	q05	69	28
simulation_1.fq.gz	q25	69	34
simulation_1.fq.gz	q50	69	38
simulation_1.fq.gz	q75	69	38
simulation_1.fq.gz	q95	69	41
simulation_1.fq.gz	q05	70	28
simulation_1.fq.gz	q25	70	34
simulation_1.fq.gz	q50	70	38
simulation_1.fq.gz	q75	70	38
simulation_1.fq.gz	q95	70	41
simulation_1.fq.gz	q05	71	28
simulation_1.fq.gz	q25	71	34
simulation_1.fq.gz	q50	71	38
simulation_1.fq.gz	q75	71	38
simulation_1.fq.gz	q95	71	41
simulation_1.fq.gz	q05	72	28
simulation_1.fq.gz	q25	72	34
simulation_1.fq.gz	q50	72	38
simulation_1.fq.gz	q75	72	38
simulation_1.fq.gz	q95	72	41
simulation_1.fq.gz	q05	73	28
simulation_1.fq.gz	q25	73	34
simulation_1.fq.gz	q50	73	38
simulation_1.fq.gz	q75	73	38
simulation_1.fq.gz	q95	73	41
simulation_1.fq.gz	q05	74	28
simulation_1.fq.gz	q25	74	34
simulation_1.fq.gz	q50	74	38
simulation_1.fq.gz	q75	74	38
simulation_1.fq.gz	q95	74	41
simulation_1.fq.gz	q05	75	28
simulation_1.fq.gz	q25	75	34
simulation_1.fq.gz	q50	75	38
simulation_1.fq.gz	q75	75	38
simulation_1.fq.gz	q95	75	41
simulation_1.fq.gz	q05	76	28
simulation_1.fq.gz	q25	76	34
simulation_1.fq.gz	q50	76	38
simulation_1.fq.gz	q75	76	38
simulation_1.fq.gz	q95	76	41
simulation_1.fq.gz	q05	77	28
simulation_1.fq.gz	q25	77	34
simulation_1.fq.gz	q50	77	38
simulation_1.fq.gz	q75	77	38
simulation_1.fq.gz	q95	77	41
simulation_1.fq.gz	q05	78	28
simulation_1.fq.gz	q25	78	34
simulation_1.fq.gz	q50	78	38
simulation_1.fq.gz	q75	78	38
simulation_1.fq.gz	q95	78	38
simulation_1.fq.gz	q05	79	28
simulation_1.fq.gz	q25	79	34
simulation_1.fq.gz	q50	79	38
simulation_1.fq.gz	q75	79	38
simulation_1.fq.gz	q95	79	38
simulation_1.fq.gz	q05	80	28
simulation_1.fq.gz	q25	80	34
simulation_1.fq.gz	q50	80	38
simulation_1.fq.gz	q75	80	38
simulation_1.fq.gz	q95	80	38
simulation_1.fq.gz	q05	81	28
simulation_1.fq.gz	q25	81	34
simulation_1.fq.gz	q50	81	38
simulation_1.fq.gz	q75	81	38
simulation_1.fq.gz	q95	81	38
simulation_1.fq.gz	q05	82	28
simulation_1.fq.gz	q25	82	34
simulation_1.fq.gz	q50	82	38
simulation_1.fq.gz	q75	82	38
simulation_1.fq.gz	q95	82	38
simulation_1.fq.gz	q05	83	28
simulation_1.fq.gz	q25	83	34
simulation_1.fq.gz	q50	83	38
simulation_1.fq.gz	q75	83	38
simulation_1.fq.gz	q95	83	38
simulation_1.fq.gz	q05	84	28
simulation_1.fq.gz	q25	84	34
simulation_1.fq.gz	q50	84	38
simulation_1.fq.gz	q75	84	38
simulation_1.fq.gz	q95	84	38
simulation_1.fq.gz	q05	85	28
simulation_1.fq.gz	q25	85	34
simulation_1.fq.gz	q50	85	38
simulation_1.fq.gz	q75	85	38
simulation_1.fq.gz	q95	85	38
simulation_1.fq.gz	q05	86	28
simulation_1.fq.gz	q25	86	34
simulation_1.fq.gz	q50	86	38
simulation_1.fq.gz	q75	86	38
simulation_1.fq.gz	q95	86	38
simulation_1.fq.gz	q05	87	28
simulation_1.fq.gz	q25	87	34
simulation_1.fq.gz	q50	87	38
simulation_1.fq.gz	q75	87	38
simulation_1.fq.gz	q95	87	38
simulation_1.fq.gz	q05	88	28
simulation_1.fq.gz	q25	88	34
simulation_1.fq.gz	q50	88	38
simulation_1.fq.gz	q75	88	38
simulation_1.fq.gz	q95	88	38
simulation_1.fq.gz	q05	89	28
simulation_1.fq.gz	q25	89	34
simulation_1.fq.gz	q50	89	38
simulation_1.fq.gz	q75	89	38
simulation_1.fq.gz	q95	89	38
simulation_1.fq.gz	q05	90	28
simulation_1.fq.gz	q25	90	34
simulation_1.fq.gz	q50	90	38
simulation_1.fq.gz	q75	90	38
simulation_1.fq.gz	q95	90	38
simulation_1.fq.gz	q05	91	28
simulation_1.fq.gz	q25	91	34
simulation_1.fq.gz	q50	91	38
simulation_1.fq.gz	q75	91	38
simulation_1.fq.gz	q95	91	38
simulation_1.fq.gz	q05	92	28
simulation_1.fq.gz	q25	92	34
simulation_1.fq.gz	q50	92	38
simulation_1.fq.gz	q75	92	38
simulation_1.fq.gz	q95	92	38
simulation_1.fq.gz	q05	93	28
simulation_1.fq.gz	q25	93	34
simulation_1.fq.gz	q50	93	38
simulation_1.fq.gz	q75	93	38
simulation_1.fq.gz	q95	93	38
simulation_1.fq.gz	q05	94	28
simulation_1.fq.gz	q25	94	34
simulation_1.fq.gz	q50	94	38
simulation_1.fq.gz	q75	94	38
simulation_1.fq.gz	q95	94	38
simulation_1.fq.gz	q05	95	28
simulation_1.fq.gz	q25	95	34
simulation_1.fq.gz	q50	95	38
simulation_1.fq.gz	q75	95	38
simulation_1.fq.gz	q95	95	38
simulation_1.fq.gz	q05	96	28
simulation_1.fq.gz	q25	96	34
simulation_1.fq.gz	q50	96	38
simulation_1.fq.gz	q75	96	38
simulation_1.fq.gz	q95	96	38
simulation_1.fq.gz	q05	97	28
simulation_1.fq.gz	q25	97	34
simulation_1.fq.gz	q50	97	38
simulation_1.fq.gz	q75	97	38
simulation_1.fq.gz	q95	97	38
simulation_1.fq.gz	q05	98	28
simulation_1.fq.gz	q25	98	34
simulation_1.fq.gz	q50	98	38
simulation_1.fq.gz	q75	98	38
simulation_1.fq.gz	q95	98	38
simulation_1.fq.gz	q05	99	28
simulation_1.fq.gz	q25	99	34
simulation_1.fq.gz	q50	99	38
simulation_1.fq.gz	q75	99	38
simulation_1.fq.gz	q95	99	38
simulation_1.fq.gz	q05	100	28
simulation_1.fq.gz	q25	100	34
simulation_1.fq.gz	q50	100	38
simulation_1.fq.gz	q75	100	38
simulation_1.fq.gz	q95	100	38
simulation_1.fq.gz	q05	101	28
simulation_1.fq.gz	q25	101	34
simulation_1.fq.gz	q50	101	41
simulation_1.fq.gz	q75	101	41
simulation_1.fq.gz	q95	101	41
simulation_1.fq.gz	q05	102	28
simulation_1.fq.gz	q25	102	34
simulation_1.fq.gz	q50	102	34
simulation_1.fq.gz	q75	102	38
simulation_1.fq.gz	q95	102	38
simulation_1.fq.gz	q05	103	28
simulation_1.fq.gz	q25	103	34
simulation_1.fq.gz	q50	103	34
simulation_1.fq.gz	q75	103	38
simulation_1.fq.gz	q95	103	38
simulation_1.fq.gz	q05	104	28
simulation_1.fq.gz	q25	104	34
simulation_1.fq.gz	q50	104	38
simulation_1.fq.gz	q75	104	38
simulation_1.fq.gz	q95	104	38
simulation_1.fq.gz	q05	105	28
simulation_1.fq.gz	q25	105	34
simulation_1.fq.gz	q50	105	38
simulation_1.fq.gz	q75	105	38
simulation_1.fq.gz	q95	105	38
simulation_1.fq.gz	q05	106	28
simulation_1.fq.gz	q25	106	34
simulation_1.fq.gz	q50	106	38
simulation_1.fq.gz	q75	106	38
simulation_1.fq.gz	q95	106	38
simulation_1.fq.gz	q05	107	28
simulation_1.fq.gz	q25	107	34
simulation_1.fq.gz	q50	107	38
simulation_1.fq.gz	q75	107	38
simulation_1.fq.gz	q95	107	38
simulation_1.fq.gz	q05	108	28
simulation_1.fq.gz	q25	108	34
simulation_1.fq.gz	q50	108	38
simulation_1.fq.gz	q75	108	38
simulation_1.fq.gz	q95	108	38
simulation_1.fq.gz	q05	109	28
simulation_1.fq.gz	q25	109	34
simulation_1.fq.gz	q50	109	38
simulation_1.fq.gz	q75	109	38
simulation_1.fq.gz	q95	109	38
simulation_1.fq.gz	q05	110	28
simulation_1.fq.gz	q25	110	34
simulation_1.fq.gz	q50	110	38
simulation_1.fq.gz	q75	110	38
simulation_1.fq.gz	q95	110	38
simulation_1.fq.gz	q05	111	28
simulation_1.fq.gz	q25	111	34
simulation_1.fq.gz	q50	111	38
simulation_1.fq.gz	q75	111	38
simulation_1.fq.gz	q95	111	38
simulation_1.fq.gz	q05	112	28
simulation_1.fq.gz	q25	112	34
simulation_1.fq.gz	q50	112	38
simulation_1.fq.gz	q75	112	38
simulation_1.fq.gz	q95	112	38
simulation_1.fq.gz	q05	113	28
simulation_1.fq.gz	q25	113	34
simulation_1.fq.gz	q50	113	38
simulation_1.fq.gz	q75	113	38
simulation_1.fq.gz	q95	113	38
simulation_1.fq.gz	q05	114	28
simulation_1.fq.gz	q25	114	34
simulation_1.fq.gz	q50	114	38
simulation_1.fq.gz	q75	114	38
simulation_1.fq.gz	q95	114	38
simulation_1.fq.gz	q05	115	28
simulation_1.fq.gz	q25	115	34
simulation_1.fq.gz	q50	115	38
simulation_1.fq.gz	q75	115	38
simulation_1.fq.gz	q95	115	38
simulation_1.fq.gz	q05	116	28
simulation_1.fq.gz	q25	116	34
simulation_1.fq.gz	q50	116	38
simulation_1.fq.gz	q75	116	38
simulation_1.fq.gz	q95	116	38
simulation_1.fq.gz	q05	117	28
simulation_1.fq.gz	q25	117	34
simulation_1.fq.gz	q50	117	38
simulation_1.fq.gz	q75	117	38
simulation_1.fq.gz	q95	117	38
simulation_1.fq.gz	q05	118	28
simulation_1.fq.gz	q25	118	34
simulation_1.fq.gz	q50	118	38
simulation_1.fq.gz	q75	118	38
simulation_1.fq.gz	q95	118	38
simulation_1.fq.gz	q05	119	28
simulation_1.fq.gz	q25	119	34
simulation_1.fq.gz	q50	119	38
simulation_1.fq.gz	q75	119	38
simulation_1.fq.gz	q95	119	38
simulation_1.fq.gz	q05	120	28
simulation_1.fq.gz	q25	120	34
simulation_1.fq.gz	q50	120	38
simulation_1.fq.gz	q75	120	38
simulation_1.fq.gz	q95	120	38
simulation_1.fq.gz	q05	121	28
simulation_1.fq.gz	q25	121	34
simulation_1.fq.gz	q50	121	38
simulation_1.fq.gz	q75	121	38
simulation_1.fq.gz	q95	121	38
simulation_1.fq.gz	q05	122	28
simulation_1.fq.gz	q25	122	34
simulation_1.fq.gz	q50	122	38
simulation_1.fq.gz	q75	122	38
simulation_1.fq.gz	q95	122	38
simulation_1.fq.gz	q05	123	28
simulation_1.fq.gz	q25	123	34
simulation_1.fq.gz	q50	123	38
simulation_1.fq.gz	q75	123	38
simulation_1.fq.gz	q95	123	38
simulation_1.fq.gz	q05	124	28
simulation_1.fq.gz	q25	124	34
simulation_1.fq.gz	q50	124	38
simulation_1.fq.gz	q75	124	38
simulation_1.fq.gz	q95	124	38
simulation_1.fq.gz	q05	125	28
simulation_1.fq.gz	q25	125	34
simulation_1.fq.gz	q50	125	38
simulation_1.fq.gz	q75	125	38
simulation_1.fq.gz	q95	125	38
simulation_1.fq.gz	q05	126	28
simulation_1.fq.gz	q25	126	34
simulation_1.fq.gz	q50	126	38
simulation_1.fq.gz	q75	126	38
simulation_1.fq.gz	q95	126	38
simulation_1.fq.gz	q05	127	28
simulation_1.fq.gz	q25	127	34
simulation_1.fq.gz	q50	127	38
simulation_1.fq.gz	q75	127	38
simulation_1.fq.gz	q95	127	38
simulation_1.fq.gz	q05	128	28
simulation_1.fq.gz	q25	128	34
simulation_1.fq.gz	q50	128	38
simulation_1.fq.gz	q75	128	38
simulation_1.fq.gz	q95	128	38
simulation_1.fq.gz	q05	129	28
simulation_1.fq.gz	q25	129	34
simulation_1.fq.gz	q50	129	38
simulation_1.fq.gz	q75	129	38
simulation_1.fq.gz	q95	129	38
simulation_1.fq.gz	q05	130	28
simulation_1.fq.gz	q25	130	34
simulation_1.fq.gz	q50	130	38
simulation_1.fq.gz	q75	130	38
simulation_1.fq.gz	q95	130	38
simulation_1.fq.gz	q05	131	28
simulation_1.fq.gz	q25	131	34
simulation_1.fq.gz	q50	131	38
simulation_1.fq.gz	q75	131	38
simulation_1.fq.gz	q95	131	38
simulation_1.fq.gz	q05	132	28
simulation_1.fq.gz	q25	132	34
simulation_1.fq.gz	q50	132	38
simulation_1.fq.gz	q75	132	38
simulation_1.fq.gz	q95	132	38
simulation_1.fq.gz	q05	133	28
simulation_1.fq.gz	q25	133	34
simulation_1.fq.gz	q50	133	38
simulation_1.fq.gz	q75	133	38
simulation_1.fq.gz	q95	133	38
simulation_1.fq.gz	q05	134	28
simulation_1.fq.gz	q25	134	34
simulation_1.fq.gz	q50	134	38
simulation_1.fq.gz	q75	134	38
simulation_1.fq.gz	q95	134	38
simulation_1.fq.gz	q05	135	28
simulation_1.fq.gz	q25	135	34
simulation_1.fq.gz	q50	135	38
simulation_1.fq.gz	q75	135	38
simulation_1.fq.gz	q95	135	38
simulation_1.fq.gz	q05	136	28
simulation_1.fq.gz	q25	136	34
simulation_1.fq.gz	q50	136	38
simulation_1.fq.gz	q75	136	38
simulation_1.fq.gz	q95	136	38
simulation_1.fq.gz	q05	137	28
simulation_1.fq.gz	q25	137	34
simulation_1.fq.gz	q50	137	38
simulation_1.fq.gz	q75	137	38
simulation_1.fq.gz	q95	137	38
simulation_1.fq.gz	q05	138	28
simulation_1.fq.gz	q25	138	34
simulation_1.fq.gz	q50	138	38
simulation_1.fq.gz	q75	138	38
simulation_1.fq.gz	q95	138	38
simulation_1.fq.gz	q05	139	28
simulation_1.fq.gz	q25	139	34
simulation_1.fq.gz	q50	139	38
simulation_1.fq.gz	q75	139	38
simulation_1.fq.gz	q95	139	38
simulation_1.fq.gz	q05	140	28
simulation_1.fq.gz	q25	140	34
simulation_1.fq.gz	q50	140	38
simulation_1.fq.gz	q75	140	38
simulation_1.fq.gz	q95	140	38
simulation_1.fq.gz	q05	141	28
simulation_1.fq.gz	q25	141	34
simulation_1.fq.gz	q50	141	38
simulation_1.fq.gz	q75	141	38
simulation_1.fq.gz	q95	141	38
simulation_1.fq.gz	q05	142	28
simulation_1.fq.gz	q25	142	34
simulation_1.fq.gz	q50	142	38
simulation_1.fq.gz	q75	142	38
simulation_1.fq.gz	q95	142	38
simulation_1.fq.gz	q05	143	28
simulation_1.fq.gz	q25	143	34
simulation_1.fq.gz	q50	143	38
simulation_1.fq.gz	q75	143	38
simulation_1.fq.gz	q95	143	38
simulation_1.fq.gz	q05	144	28
simulation_1.fq.gz	q25	144	34
simulation_1.fq.gz	q50	144	38
simulation_1.fq.gz	q75	144	38
simulation_1.fq.gz	q95	144	38
simulation_1.fq.gz	q05	145	28
simulation_1.fq.gz	q25	145	34
simulation_1.fq.gz	q50	145	38
simulation_1.fq.gz	q75	145	38
simulation_1.fq.gz	q95	145	38
simulation_1.fq.gz	q05	146	28
simulation_1.fq.gz	q25	146	34
simulation_1.fq.gz	q50	146	38
simulation_1.fq.gz	q75	146	38
simulation_1.fq.gz	q95	146	38
simulation_1.fq.gz	q05	147	28
simulation_1.fq.gz	q25	147	34
simulation_1.fq.gz	q50	147	38
simulation_1.fq.gz	q75	147	38
simulation_1.fq.gz	q95	147	38
simulation_1.fq.gz	q05	148	28
simulation_1.fq.gz	q25	148	34
simulation_1.fq.gz	q50	148	38
simulation_1.fq.gz	q75	148	38
simulation_1.fq.gz	q95	148	38
simulation_1.fq.gz	q05	149	28
simulation_1.fq.gz	q25	149	34
simulation_1.fq.gz	q50	149	38
simulation_1.fq.gz	q75	149	38
simulation_1.fq.gz	q95	149	38
simulation_1.fq.gz	q05	150	28
simulation_1.fq.gz	q25	150	34
simulation_1.fq.gz	q50	150	34
simulation_1.fq.gz	q75	150	38
simulation_1.fq.gz	q95	150	38
simulation_1.fq.gz	T	1	5620
simulation_1.fq.gz	T	2	5635
simulation_1.fq.gz	T	3	5653
simulation_1.fq.gz	T	4	5797
simulation_1.fq.gz	T	5	5670
simulation_1.fq.gz	T	6	5730
simulation_1.fq.gz	T	7	5570
simulation_1.fq.gz	T	8	5830
simulation_1.fq.gz	T	9	5781
simulation_1.fq.gz	T	10	5789
simulation_1.fq.gz	T	11	5689
simulation_1.fq.gz	T	12	5688
simulation_1.fq.gz	T	13	5778
simulation_1.fq.gz	T	14	5690
simulation_1.fq.gz	T	15	5816
simulation_1.fq.gz	T	16	5707
simulation_1.fq.gz	T	17	5668
simulation_1.fq.gz	T	18	5702
simulation_1.fq.gz	T	19	5704
simulation_1.fq.gz	T	20	5598
simulation_1.fq.gz	T	21	5666
simulation_1.fq.gz	T	22	5659
simulation_1.fq.gz	T	23	5749
simulation_1.fq.gz	T	24	5751
simulation_1.fq.gz	T	25	5665
simulation_1.fq.gz	T	26	5696
simulation_1.fq.gz	T	27	5721
simulation_1.fq.gz	T	28	5682
simulation_1.fq.gz	T	29	5685
simulation_1.fq.gz	T	30	5706
simulation_1.fq.gz	T	31	5576
simulation_1.fq.gz	T	32	5729
simulation_1.fq.gz	T	33	5803
simulation_1.fq.gz	T	34	5840
simulation_1.fq.gz	T	35	5779
simulation_1.fq.gz	T	36	5672
simulation_1.fq.gz	T	37	5672
simulation_1.fq.gz	T	38	5770
simulation_1.fq.gz	T	39	5767
simulation_1.fq.gz	T	40	5750
simulation_1.fq.gz	T	41	5659
simulation_1.fq.gz	T	42	5677
simulation_1.fq.gz	T	43	5584
simulation_1.fq.gz	T	44	5742
simulation_1.fq.gz	T	45	5760
simulation_1.fq.gz	T	46	5791
simulation_1.fq.gz	T	47	5781
simulation_1.fq.gz	T	48	5734
simulation_1.fq.gz	T	49	5621
simulation_1.fq.gz	T	50	5757
simulation_1.fq.gz	T	51	5613
simulation_1.fq.gz	T	52	5835
simulation_1.fq.gz	T	53	5803
simulation_1.fq.gz	T	54	5757
simulation_1.fq.gz	T	55	5587
simulation_1.fq.gz	T	56	5674
simulation_1.fq.gz	T	57	5791
simulation_1.fq.gz	T	58	5764
simulation_1.fq.gz	T	59	5879
simulation_1.fq.gz	T	60	5727
simulation_1.fq.gz	T	61	5739
simulation_1.fq.gz	T	62	5733
simulation_1.fq.gz	T	63	5722
simulation_1.fq.gz	T	64	5822
simulation_1.fq.gz	T	65	5635
simulation_1.fq.gz	T	66	5606
simulation_1.fq.gz	T	67	5717
simulation_1.fq.gz	T	68	5646
simulation_1.fq.gz	T	69	5672
simulation_1.fq.gz	T	70	5651
simulation_1.fq.gz	T	71	5799
simulation_1.fq.gz	T	72	5711
simulation_1.fq.gz	T	73	5736
simulation_1.fq.gz	T	74	5720
simulation_1.fq.gz	T	75	5673
simulation_1.fq.gz	T	76	5652
simulation_1.fq.gz	T	77	5694
simulation_1.fq.gz	T	78	5604
simulation_1.fq.gz	T	79	5709
simulation_1.fq.gz	T	80	5670
simulation_1.fq.gz	T	81	5756
simulation_1.fq.gz	T	82	5700
simulation_1.fq.gz	T	83	5699
simulation_1.fq.gz	T	84	5698
simulation_1.fq.gz	T	85	5730
simulation_1.fq.gz	T	86	5726
simulation_1.fq.gz	T	87	5825
simulation_1.fq.gz	T	88	5688
simulation_1.fq.gz	T	89	5796
simulation_1.fq.gz	T	90	5701
simulation_1.fq.gz	T	91	5714
simulation_1.fq.gz	T	92	5693
simulation_1.fq.gz	T	93	5574
simulation_1.fq.gz	T	94	5830
simulation_1.fq.gz	T	95	5783
simulation_1.fq.gz	T	96	5747
simulation_1.fq.gz	T	97	5750
simulation_1.fq.gz	T	98	5578
simulation_1.fq.gz	T	99	5710
simulation_1.fq.gz	T	100	5594
simulation_1.fq.gz	T	101	5714
simulation_1.fq.gz	T	102	5672
simulation_1.fq.gz	T	103	5701
simulation_1.fq.gz	T	104	5715
simulation_1.fq.gz	T	105	5673
simulation_1.fq.gz	T	106	5640
simulation_1.fq.gz	T	107	5628
simulation_1.fq.gz	T	108	5662
simulation_1.fq.gz	T	109	5675
simulation_1.fq.gz	T	110	5654
simulation_1.fq.gz	T	111	5816
simulation_1.fq.gz	T	112	5557
simulation_1.fq.gz	T	113	5692
simulation_1.fq.gz	T	114	5758
simulation_1.fq.gz	T	115	5817
simulation_1.fq.gz	T	116	5675
simulation_1.fq.gz	T	117	5791
simulation_1.fq.gz	T	118	5733
simulation_1.fq.gz	T	119	5743
simulation_1.fq.gz	T	120	5695
simulation_1.fq.gz	T	121	5862
simulation_1.fq.gz	T	122	5700
simulation_1.fq.gz	T	123	5781
simulation_1.fq.gz	T	124	5608
simulation_1.fq.gz	T	125	5722
simulation_1.fq.gz	T	126	5634
simulation_1.fq.gz	T	127	5726
simulation_1.fq.gz	T	128	5807
simulation_1.fq.gz	T	129	5853
simulation_1.fq.gz	T	130	5666
simulation_1.fq.gz	T	131	5841
simulation_1.fq.gz	T	132	5593
simulation_1.fq.gz	T	133	5742
simulation_1.fq.gz	T	134	5668
simulation_1.fq.gz	T	135	5740
simulation_1.fq.gz	T	136	5716
simulation_1.fq.gz	T	137	5621
simulation_1.fq.gz	T	138	5815
simulation_1.fq.gz	T	139	5833
simulation_1.fq.gz	T	140	5736
simulation_1.fq.gz	T	141	5694
simulation_1.fq.gz	T	142	5648
simulation_1.fq.gz	T	143	5667
simulation_1.fq.gz	T	144	5807
simulation_1.fq.gz	T	145	5780
simulation_1.fq.gz	T	146	5706
simulation_1.fq.gz	T	147	5612
simulation_1.fq.gz	T	148	5665
simulation_1.fq.gz	T	149	5565
simulation_1.fq.gz	T	150	5672
simulation_1.fq.gz	G	1	3784
simulation_1.fq.gz	G	2	3710
simulation_1.fq.gz	G	3	3681
simulation_1.fq.gz	G	4	3705
simulation_1.fq.gz	G	5	3741
simulation_1.fq.gz	G	6	3738
simulation_1.fq.gz	G	7	3670
simulation_1.fq.gz	G	8	3668
simulation_1.fq.gz	G	9	3655
simulation_1.fq.gz	G	10	3676
simulation_1.fq.gz	G	11	3755
simulation_1.fq.gz	G	12	3668
simulation_1.fq.gz	G	13	3749
simulation_1.fq.gz	G	14	3722
simulation_1.fq.gz	G	15	3764
simulation_1.fq.gz	G	16	3657
simulation_1.fq.gz	G	17	3644
simulation_1.fq.gz	G	18	3666
simulation_1.fq.gz	G	19	3745
simulation_1.fq.gz	G	20	3645
simulation_1.fq.gz	G	21	3779
simulation_1.fq.gz	G	22	3657
simulation_1.fq.gz	G	23	3624
simulation_1.fq.gz	G	24	3675
simulation_1.fq.gz	G	25	3739
simulation_1.fq.gz	G	26	3756
simulation_1.fq.gz	G	27	3605
simulation_1.fq.gz	G	28	3835
simulation_1.fq.gz	G	29	3824
simulation_1.fq.gz	G	30	3602
simulation_1.fq.gz	G	31	3849
simulation_1.fq.gz	G	32	3665
simulation_1.fq.gz	G	33	3673
simulation_1.fq.gz	G	34	3732
simulation_1.fq.gz	G	35	3714
simulation_1.fq.gz	G	36	3683
simulation_1.fq.gz	G	37	3805
simulation_1.fq.gz	G	38	3675
simulation_1.fq.gz	G	39	3677
simulation_1.fq.gz	G	40	3727
simulation_1.fq.gz	G	41	3808
simulation_1.fq.gz	G	42	3725
simulation_1.fq.gz	G	43	3825
simulation_1.fq.gz	G	44	3722
simulation_1.fq.gz	G	45	3704
simulation_1.fq.gz	G	46	3684
simulation_1.fq.gz	G	47	3697
simulation_1.fq.gz	G	48	3757
simulation_1.fq.gz	G	49	3754
simulation_1.fq.gz	G	50	3701
simulation_1.fq.gz	G	51	3794
simulation_1.fq.gz	G	52	3715
simulation_1.fq.gz	G	53	3719
simulation_1.fq.gz	G	54	3628
simulation_1.fq.gz	G	55	3785
simulation_1.fq.gz	G	56	3737
simulation_1.fq.gz	G	57	3714
simulation_1.fq.gz	G	58	3734
simulation_1.fq.gz	G	59	3697
simulation_1.fq.gz	G	60	3759
simulation_1.fq.gz	G	61	3716
simulation_1.fq.gz	G	62	3704
simulation_1.fq.gz	G	63	3800
simulation_1.fq.gz	G	64	3703
simulation_1.fq.gz	G	65	3805
simulation_1.fq.gz	G	66	3787
simulation_1.fq.gz	G	67	3663
simulation_1.fq.gz	G	68	3887
simulation_1.fq.gz	G	69	3714
simulation_1.fq.gz	G	70	3723
simulation_1.fq.gz	G	71	3757
simulation_1.fq.gz	G	72	3660
simulation_1.fq.gz	G	73	3720
simulation_1.fq.gz	G	74	3683
simulation_1.fq.gz	G	75	3754
simulation_1.fq.gz	G	76	3753
simulation_1.fq.gz	G	77	3697
simulation_1.fq.gz	G	78	3795
simulation_1.fq.gz	G	79	3790
simulation_1.fq.gz	G	80	3699
simulation_1.fq.gz	G	81	3636
simulation_1.fq.gz	G	82	3783
simulation_1.fq.gz	G	83	3727
simulation_1.fq.gz	G	84	3708
simulation_1.fq.gz	G	85	3737
simulation_1.fq.gz	G	86	3739
simulation_1.fq.gz	G	87	3691
simulation_1.fq.gz	G	88	3731
simulation_1.fq.gz	G	89	3702
simulation_1.fq.gz	G	90	3705
simulation_1.fq.gz	G	91	3733
simulation_1.fq.gz	G	92	3716
simulation_1.fq.gz	G	93	3801
simulation_1.fq.gz	G	94	3695
simulation_1.fq.gz	G	95	3673
simulation_1.fq.gz	G	96	3723
simulation_1.fq.gz	G	97	3737
simulation_1.fq.gz	G	98	3826
simulation_1.fq.gz	G	99	3720
simulation_1.fq.gz	G	100	3711
simulation_1.fq.gz	G	101	3797
simulation_1.fq.gz	G	102	3736
simulation_1.fq.gz	G	103	3747
simulation_1.fq.gz	G	104	3779
simulation_1.fq.gz	G	105	3749
simulation_1.fq.gz	G	106	3761
simulation_1.fq.gz	G	107	3722
simulation_1.fq.gz	G	108	3671
simulation_1.fq.gz	G	109	3666
simulation_1.fq.gz	G	110	3715
simulation_1.fq.gz	G	111	3704
simulation_1.fq.gz	G	112	3749
simulation_1.fq.gz	G	113	3699
simulation_1.fq.gz	G	114	3838
simulation_1.fq.gz	G	115	3698
simulation_1.fq.gz	G	116	3756
simulation_1.fq.gz	G	117	3645
simulation_1.fq.gz	G	118	3770
simulation_1.fq.gz	G	119	3683
simulation_1.fq.gz	G	120	3695
simulation_1.fq.gz	G	121	3645
simulation_1.fq.gz	G	122	3872
simulation_1.fq.gz	G	123	3698
simulation_1.fq.gz	G	124	3786
simulation_1.fq.gz	G	125	3728
simulation_1.fq.gz	G	126	3770
simulation_1.fq.gz	G	127	3733
simulation_1.fq.gz	G	128	3619
simulation_1.fq.gz	G	129	3760
simulation_1.fq.gz	G	130	3829
simulation_1.fq.gz	G	131	3695
simulation_1.fq.gz	G	132	3748
simulation_1.fq.gz	G	133	3670
simulation_1.fq.gz	G	134	3805
simulation_1.fq.gz	G	135	3725
simulation_1.fq.gz	G	136	3714
simulation_1.fq.gz	G	137	3664
simulation_1.fq.gz	G	138	3684
simulation_1.fq.gz	G	139	3693
simulation_1.fq.gz	G	140	3801
simulation_1.fq.gz	G	141	3744
simulation_1.fq.gz	G	142	3707
simulation_1.fq.gz	G	143	3684
simulation_1.fq.gz	G	144	3620
simulation_1.fq.gz	G	145	3695
simulation_1.fq.gz	G	146	3843
simulation_1.fq.gz	G	147	3725
simulation_1.fq.gz	G	148	3621
simulation_1.fq.gz	G	149	3720
simulation_1.fq.gz	G	150	3737
simulation_1.fq.gz	C	1	3729
simulation_1.fq.gz	C	2	3816
simulation_1.fq.gz	C	3	3745
simulation_1.fq.gz	C	4	3794
simulation_1.fq.gz	C	5	3831
simulation_1.fq.gz	C	6	3650
simulation_1.fq.gz	C	7	3800
simulation_1.fq.gz	C	8	3627
simulation_1.fq.gz	C	9	3768
simulation_1.fq.gz	C	10	3726
simulation_1.fq.gz	C	11	3725
simulation_1.fq.gz	C	12	3778
simulation_1.fq.gz	C	13	3714
simulation_1.fq.gz	C	14	3708
simulation_1.fq.gz	C	15	3724
simulation_1.fq.gz	C	16	3683
simulation_1.fq.gz	C	17	3753
simulation_1.fq.gz	C	18	3719
simulation_1.fq.gz	C	19	3732
simulation_1.fq.gz	C	20	3710
simulation_1.fq.gz	C	21	3803
simulation_1.fq.gz	C	22	3735
simulation_1.fq.gz	C	23	3788
simulation_1.fq.gz	C	24	3784
simulation_1.fq.gz	C	25	3782
simulation_1.fq.gz	C	26	3730
simulation_1.fq.gz	C	27	3747
simulation_1.fq.gz	C	28	3701
simulation_1.fq.gz	C	29	3723
simulation_1.fq.gz	C	30	3722
simulation_1.fq.gz	C	31	3743
simulation_1.fq.gz	C	32	3744
simulation_1.fq.gz	C	33	3787
simulation_1.fq.gz	C	34	3599
simulation_1.fq.gz	C	35	3622
simulation_1.fq.gz	C	36	3823
simulation_1.fq.gz	C	37	3758
simulation_1.fq.gz	C	38	3787
simulation_1.fq.gz	C	39	3681
simulation_1.fq.gz	C	40	3669
simulation_1.fq.gz	C	41	3688
simulation_1.fq.gz	C	42	3755
simulation_1.fq.gz	C	43	3697
simulation_1.fq.gz	C	44	3691
simulation_1.fq.gz	C	45	3723
simulation_1.fq.gz	C	46	3754
simulation_1.fq.gz	C	47	3639
simulation_1.fq.gz	C	48	3781
simulation_1.fq.gz	C	49	3865
simulation_1.fq.gz	C	50	3832
simulation_1.fq.gz	C	51	3725
simulation_1.fq.gz	C	52	3673
simulation_1.fq.gz	C	53	3671
simulation_1.fq.gz	C	54	3751
simulation_1.fq.gz	C	55	3813
simulation_1.fq.gz	C	56	3718
simulation_1.fq.gz	C	57	3709
simulation_1.fq.gz	C	58	3720
simulation_1.fq.gz	C	59	3706
simulation_1.fq.gz	C	60	3720
simulation_1.fq.gz	C	61	3684
simulation_1.fq.gz	C	62	3668
simulation_1.fq.gz	C	63	3704
simulation_1.fq.gz	C	64	3643
simulation_1.fq.gz	C	65	3718
simulation_1.fq.gz	C	66	3711
simulation_1.fq.gz	C	67	3747
simulation_1.fq.gz	C	68	3601
simulation_1.fq.gz	C	69	3762
simulation_1.fq.gz	C	70	3668
simulation_1.fq.gz	C	71	3703
simulation_1.fq.gz	C	72	3702
simulation_1.fq.gz	C	73	3829
simulation_1.fq.gz	C	74	3727
simulation_1.fq.gz	C	75	3797
simulation_1.fq.gz	C	76	3644
simulation_1.fq.gz	C	77	3778
simulation_1.fq.gz	C	78	3694
simulation_1.fq.gz	C	79	3610
simulation_1.fq.gz	C	80	3747
simulation_1.fq.gz	C	81	3693
simulation_1.fq.gz	C	82	3735
simulation_1.fq.gz	C	83	3690
simulation_1.fq.gz	C	84	3752
simulation_1.fq.gz	C	85	3623
simulation_1.fq.gz	C	86	3664
simulation_1.fq.gz	C	87	3613
simulation_1.fq.gz	C	88	3704
simulation_1.fq.gz	C	89	3701
simulation_1.fq.gz	C	90	3776
simulation_1.fq.gz	C	91	3747
simulation_1.fq.gz	C	92	3646
simulation_1.fq.gz	C	93	3738
simulation_1.fq.gz	C	94	3751
simulation_1.fq.gz	C	95	3772
simulation_1.fq.gz	C	96	3690
simulation_1.fq.gz	C	97	3667
simulation_1.fq.gz	C	98	3829
simulation_1.fq.gz	C	99	3711
simulation_1.fq.gz	C	100	3751
simulation_1.fq.gz	C	101	3658
simulation_1.fq.gz	C	102	3744
simulation_1.fq.gz	C	103	3647
simulation_1.fq.gz	C	104	3679
simulation_1.fq.gz	C	105	3631
simulation_1.fq.gz	C	106	3676
simulation_1.fq.gz	C	107	3813
simulation_1.fq.gz	C	108	3710
simulation_1.fq.gz	C	109	3752
simulation_1.fq.gz	C	110	3740
simulation_1.fq.gz	C	111	3748
simulation_1.fq.gz	C	112	3809
simulation_1.fq.gz	C	113	3690
simulation_1.fq.gz	C	114	3681
simulation_1.fq.gz	C	115	3683
simulation_1.fq.gz	C	116	3683
simulation_1.fq.gz	C	117	3689
simulation_1.fq.gz	C	118	3655
simulation_1.fq.gz	C	119	3787
simulation_1.fq.gz	C	120	3659
simulation_1.fq.gz	C	121	3642
simulation_1.fq.gz	C	122	3714
simulation_1.fq.gz	C	123	3760
simulation_1.fq.gz	C	124	3732
simulation_1.fq.gz	C	125	3709
simulation_1.fq.gz	C	126	3700
simulation_1.fq.gz	C	127	3717
simulation_1.fq.gz	C	128	3744
simulation_1.fq.gz	C	129	3644
simulation_1.fq.gz	C	130	3746
simulation_1.fq.gz	C	131	3577
simulation_1.fq.gz	C	132	3803
simulation_1.fq.gz	C	133	3697
simulation_1.fq.gz	C	134	3756
simulation_1.fq.gz	C	135	3755
simulation_1.fq.gz	C	136	3628
simulation_1.fq.gz	C	137	3833
simulation_1.fq.gz	C	138	3736
simulation_1.fq.gz	C	139	3624
simulation_1.fq.gz	C	140	3722
simulation_1.fq.gz	C	141	3726
simulation_1.fq.gz	C	142	3731
simulation_1.fq.gz	C	143	3771
simulation_1.fq.gz	C	144	3693
simulation_1.fq.gz	C	145	3725
simulation_1.fq.gz	C	146	3693
simulation_1.fq.gz	C	147	3836
simulation_1.fq.gz	C	148	3824
simulation_1.fq.gz	C	149	3719
simulation_1.fq.gz	C	150	3796
simulation_1.fq.gz	A	1	5701
simulation_1.fq.gz	A	2	5673
simulation_1.fq.gz	A	3	5755
simulation_1.fq.gz	A	4	5538
simulation_1.fq.gz	A	5	5592
simulation_1.fq.gz	A	6	5716
simulation_1.fq.gz	A	7	5794
simulation_1.fq.gz	A	8	5709
simulation_1.fq.gz	A	9	5630
simulation_1.fq.gz	A	10	5643
simulation_1.fq.gz	A	11	5665
simulation_1.fq.gz	A	12	5700
simulation_1.fq.gz	A	13	5593
simulation_1.fq.gz	A	14	5714
simulation_1.fq.gz	A	15	5530
simulation_1.fq.gz	A	16	5787
simulation_1.fq.gz	A	17	5769
simulation_1.fq.gz	A	18	5747
simulation_1.fq.gz	A	19	5653
simulation_1.fq.gz	A	20	5881
simulation_1.fq.gz	A	21	5586
simulation_1.fq.gz	A	22	5783
simulation_1.fq.gz	A	23	5673
simulation_1.fq.gz	A	24	5624
simulation_1.fq.gz	A	25	5648
simulation_1.fq.gz	A	26	5652
simulation_1.fq.gz	A	27	5761
simulation_1.fq.gz	A	28	5616
simulation_1.fq.gz	A	29	5602
simulation_1.fq.gz	A	30	5804
simulation_1.fq.gz	A	31	5666
simulation_1.fq.gz	A	32	5696
simulation_1.fq.gz	A	33	5571
simulation_1.fq.gz	A	34	5663
simulation_1.fq.gz	A	35	5719
simulation_1.fq.gz	A	36	5656
simulation_1.fq.gz	A	37	5599
simulation_1.fq.gz	A	38	5602
simulation_1.fq.gz	A	39	5709
simulation_1.fq.gz	A	40	5688
simulation_1.fq.gz	A	41	5679
simulation_1.fq.gz	A	42	5677
simulation_1.fq.gz	A	43	5728
simulation_1.fq.gz	A	44	5679
simulation_1.fq.gz	A	45	5647
simulation_1.fq.gz	A	46	5605
simulation_1.fq.gz	A	47	5717
simulation_1.fq.gz	A	48	5562
simulation_1.fq.gz	A	49	5594
simulation_1.fq.gz	A	50	5544
simulation_1.fq.gz	A	51	5702
simulation_1.fq.gz	A	52	5611
simulation_1.fq.gz	A	53	5641
simulation_1.fq.gz	A	54	5698
simulation_1.fq.gz	A	55	5649
simulation_1.fq.gz	A	56	5705
simulation_1.fq.gz	A	57	5620
simulation_1.fq.gz	A	58	5616
simulation_1.fq.gz	A	59	5552
simulation_1.fq.gz	A	60	5628
simulation_1.fq.gz	A	61	5695
simulation_1.fq.gz	A	62	5729
simulation_1.fq.gz	A	63	5608
simulation_1.fq.gz	A	64	5666
simulation_1.fq.gz	A	65	5676
simulation_1.fq.gz	A	66	5730
simulation_1.fq.gz	A	67	5707
simulation_1.fq.gz	A	68	5700
simulation_1.fq.gz	A	69	5686
simulation_1.fq.gz	A	70	5792
simulation_1.fq.gz	A	71	5575
simulation_1.fq.gz	A	72	5761
simulation_1.fq.gz	A	73	5549
simulation_1.fq.gz	A	74	5704
simulation_1.fq.gz	A	75	5610
simulation_1.fq.gz	A	76	5785
simulation_1.fq.gz	A	77	5665
simulation_1.fq.gz	A	78	5741
simulation_1.fq.gz	A	79	5725
simulation_1.fq.gz	A	80	5718
simulation_1.fq.gz	A	81	5749
simulation_1.fq.gz	A	82	5616
simulation_1.fq.gz	A	83	5718
simulation_1.fq.gz	A	84	5676
simulation_1.fq.gz	A	85	5744
simulation_1.fq.gz	A	86	5705
simulation_1.fq.gz	A	87	5705
simulation_1.fq.gz	A	88	5711
simulation_1.fq.gz	A	89	5635
simulation_1.fq.gz	A	90	5652
simulation_1.fq.gz	A	91	5640
simulation_1.fq.gz	A	92	5779
simulation_1.fq.gz	A	93	5721
simulation_1.fq.gz	A	94	5558
simulation_1.fq.gz	A	95	5606
simulation_1.fq.gz	A	96	5674
simulation_1.fq.gz	A	97	5680
simulation_1.fq.gz	A	98	5601
simulation_1.fq.gz	A	99	5693
simulation_1.fq.gz	A	100	5778
simulation_1.fq.gz	A	101	5665
simulation_1.fq.gz	A	102	5682
simulation_1.fq.gz	A	103	5739
simulation_1.fq.gz	A	104	5661
simulation_1.fq.gz	A	105	5781
simulation_1.fq.gz	A	106	5757
simulation_1.fq.gz	A	107	5671
simulation_1.fq.gz	A	108	5791
simulation_1.fq.gz	A	109	5741
simulation_1.fq.gz	A	110	5725
simulation_1.fq.gz	A	111	5566
simulation_1.fq.gz	A	112	5719
simulation_1.fq.gz	A	113	5753
simulation_1.fq.gz	A	114	5557
simulation_1.fq.gz	A	115	5636
simulation_1.fq.gz	A	116	5720
simulation_1.fq.gz	A	117	5709
simulation_1.fq.gz	A	118	5676
simulation_1.fq.gz	A	119	5621
simulation_1.fq.gz	A	120	5785
simulation_1.fq.gz	A	121	5685
simulation_1.fq.gz	A	122	5548
simulation_1.fq.gz	A	123	5595
simulation_1.fq.gz	A	124	5708
simulation_1.fq.gz	A	125	5675
simulation_1.fq.gz	A	126	5730
simulation_1.fq.gz	A	127	5658
simulation_1.fq.gz	A	128	5664
simulation_1.fq.gz	A	129	5577
simulation_1.fq.gz	A	130	5593
simulation_1.fq.gz	A	131	5721
simulation_1.fq.gz	A	132	5690
simulation_1.fq.gz	A	133	5725
simulation_1.fq.gz	A	134	5605
simulation_1.fq.gz	A	135	5614
simulation_1.fq.gz	A	136	5776
simulation_1.fq.gz	A	137	5716
simulation_1.fq.gz	A	138	5599
simulation_1.fq.gz	A	139	5684
simulation_1.fq.gz	A	140	5575
simulation_1.fq.gz	A	141	5670
simulation_1.fq.gz	A	142	5748
simulation_1.fq.gz	A	143	5712
simulation_1.fq.gz	A	144	5714
simulation_1.fq.gz	A	145	5634
simulation_1.fq.gz	A	146	5592
simulation_1.fq.gz	A	147	5661
simulation_1.fq.gz	A	148	5724
simulation_1.fq.gz	A	149	5830
simulation_1.fq.gz	A	150	5629
simulation_1.fq.gz	pos_gc	1	39.8906
simulation_1.fq.gz	pos_gc	2	39.9596
simulation_1.fq.gz	pos_gc	3	39.4287
simulation_1.fq.gz	pos_gc	4	39.8163
simulation_1.fq.gz	pos_gc	5	40.2039
simulation_1.fq.gz	pos_gc	6	39.2269
simulation_1.fq.gz	pos_gc	7	39.6623
simulation_1.fq.gz	pos_gc	8	38.7331
simulation_1.fq.gz	pos_gc	9	39.4128
simulation_1.fq.gz	pos_gc	10	39.3013
simulation_1.fq.gz	pos_gc	11	39.7154
simulation_1.fq.gz	pos_gc	12	39.5349
simulation_1.fq.gz	pos_gc	13	39.6251
simulation_1.fq.gz	pos_gc	14	39.4499
simulation_1.fq.gz	pos_gc	15	39.7579
simulation_1.fq.gz	pos_gc	16	38.9721
simulation_1.fq.gz	pos_gc	17	39.2747
simulation_1.fq.gz	pos_gc	18	39.211
simulation_1.fq.gz	pos_gc	19	39.6995
simulation_1.fq.gz	pos_gc	20	39.0517
simulation_1.fq.gz	pos_gc	21	40.257
simulation_1.fq.gz	pos_gc	22	39.2482
simulation_1.fq.gz	pos_gc	23	39.3544
simulation_1.fq.gz	pos_gc	24	39.6039
simulation_1.fq.gz	pos_gc	25	39.9331
simulation_1.fq.gz	pos_gc	26	39.7473
simulation_1.fq.gz	pos_gc	27	39.0358
simulation_1.fq.gz	pos_gc	28	40.0127
simulation_1.fq.gz	pos_gc	29	40.0711
simulation_1.fq.gz	pos_gc	30	38.8871
simulation_1.fq.gz	pos_gc	31	40.3101
simulation_1.fq.gz	pos_gc	32	39.3384
simulation_1.fq.gz	pos_gc	33	39.6092
simulation_1.fq.gz	pos_gc	34	38.9243
simulation_1.fq.gz	pos_gc	35	38.9508
simulation_1.fq.gz	pos_gc	36	39.8535
simulation_1.fq.gz	pos_gc	37	40.1561
simulation_1.fq.gz	pos_gc	38	39.6198
simulation_1.fq.gz	pos_gc	39	39.0676
simulation_1.fq.gz	pos_gc	40	39.2694
simulation_1.fq.gz	pos_gc	41	39.8004
simulation_1.fq.gz	pos_gc	42	39.7154
simulation_1.fq.gz	pos_gc	43	39.9384
simulation_1.fq.gz	pos_gc	44	39.3597
simulation_1.fq.gz	pos_gc	45	39.434
simulation_1.fq.gz	pos_gc	46	39.4924
simulation_1.fq.gz	pos_gc	47	38.9508
simulation_1.fq.gz	pos_gc	48	40.0234
simulation_1.fq.gz	pos_gc	49	40.4534
simulation_1.fq.gz	pos_gc	50	39.9968
simulation_1.fq.gz	pos_gc	51	39.9225
simulation_1.fq.gz	pos_gc	52	39.2269
simulation_1.fq.gz	pos_gc	53	39.2375
simulation_1.fq.gz	pos_gc	54	39.1791
simulation_1.fq.gz	pos_gc	55	40.3419
simulation_1.fq.gz	pos_gc	56	39.5827
simulation_1.fq.gz	pos_gc	57	39.4128
simulation_1.fq.gz	pos_gc	58	39.5774
simulation_1.fq.gz	pos_gc	59	39.3066
simulation_1.fq.gz	pos_gc	60	39.7101
simulation_1.fq.gz	pos_gc	61	39.2906
simulation_1.fq.gz	pos_gc	62	39.142
simulation_1.fq.gz	pos_gc	63	39.8428
simulation_1.fq.gz	pos_gc	64	39.0039
simulation_1.fq.gz	pos_gc	65	39.9437
simulation_1.fq.gz	pos_gc	66	39.811
simulation_1.fq.gz	pos_gc	67	39.3437
simulation_1.fq.gz	pos_gc	68	39.7579
simulation_1.fq.gz	pos_gc	69	39.6942
simulation_1.fq.gz	pos_gc	70	39.2429
simulation_1.fq.gz	pos_gc	71	39.6092
simulation_1.fq.gz	pos_gc	72	39.0889
simulation_1.fq.gz	pos_gc	73	40.0818
simulation_1.fq.gz	pos_gc	74	39.3437
simulation_1.fq.gz	pos_gc	75	40.0924
simulation_1.fq.gz	pos_gc	76	39.2747
simulation_1.fq.gz	pos_gc	77	39.6889
simulation_1.fq.gz	pos_gc	78	39.7632
simulation_1.fq.gz	pos_gc	79	39.2906
simulation_1.fq.gz	pos_gc	80	39.5349
simulation_1.fq.gz	pos_gc	81	38.9137
simulation_1.fq.gz	pos_gc	82	39.9172
simulation_1.fq.gz	pos_gc	83	39.3809
simulation_1.fq.gz	pos_gc	84	39.6092
simulation_1.fq.gz	pos_gc	85	39.0783
simulation_1.fq.gz	pos_gc	86	39.3066
simulation_1.fq.gz	pos_gc	87	38.7809
simulation_1.fq.gz	pos_gc	88	39.4765
simulation_1.fq.gz	pos_gc	89	39.3066
simulation_1.fq.gz	pos_gc	90	39.7207
simulation_1.fq.gz	pos_gc	91	39.7154
simulation_1.fq.gz	pos_gc	92	39.0889
simulation_1.fq.gz	pos_gc	93	40.0287
simulation_1.fq.gz	pos_gc	94	39.5349
simulation_1.fq.gz	pos_gc	95	39.5296
simulation_1.fq.gz	pos_gc	96	39.3597
simulation_1.fq.gz	pos_gc	97	39.3119
simulation_1.fq.gz	pos_gc	98	40.6446
simulation_1.fq.gz	pos_gc	99	39.4552
simulation_1.fq.gz	pos_gc	100	39.6198
simulation_1.fq.gz	pos_gc	101	39.5827
simulation_1.fq.gz	pos_gc	102	39.7154
simulation_1.fq.gz	pos_gc	103	39.2588
simulation_1.fq.gz	pos_gc	104	39.5986
simulation_1.fq.gz	pos_gc	105	39.1845
simulation_1.fq.gz	pos_gc	106	39.4871
simulation_1.fq.gz	pos_gc	107	40.0074
simulation_1.fq.gz	pos_gc	108	39.1898
simulation_1.fq.gz	pos_gc	109	39.3862
simulation_1.fq.gz	pos_gc	110	39.5827
simulation_1.fq.gz	pos_gc	111	39.5667
simulation_1.fq.gz	pos_gc	112	40.1296
simulation_1.fq.gz	pos_gc	113	39.2322
simulation_1.fq.gz	pos_gc	114	39.9225
simulation_1.fq.gz	pos_gc	115	39.1898
simulation_1.fq.gz	pos_gc	116	39.4977
simulation_1.fq.gz	pos_gc	117	38.9402
simulation_1.fq.gz	pos_gc	118	39.4234
simulation_1.fq.gz	pos_gc	119	39.6623
simulation_1.fq.gz	pos_gc	120	39.0464
simulation_1.fq.gz	pos_gc	121	38.6907
simulation_1.fq.gz	pos_gc	122	40.2782
simulation_1.fq.gz	pos_gc	123	39.5986
simulation_1.fq.gz	pos_gc	124	39.9172
simulation_1.fq.gz	pos_gc	125	39.4871
simulation_1.fq.gz	pos_gc	126	39.6623
simulation_1.fq.gz	pos_gc	127	39.5561
simulation_1.fq.gz	pos_gc	128	39.0942
simulation_1.fq.gz	pos_gc	129	39.3119
simulation_1.fq.gz	pos_gc	130	40.2198
simulation_1.fq.gz	pos_gc	131	38.611
simulation_1.fq.gz	pos_gc	132	40.0924
simulation_1.fq.gz	pos_gc	133	39.1154
simulation_1.fq.gz	pos_gc	134	40.1455
simulation_1.fq.gz	pos_gc	135	39.7154
simulation_1.fq.gz	pos_gc	136	38.9827
simulation_1.fq.gz	pos_gc	137	39.8057
simulation_1.fq.gz	pos_gc	138	39.3968
simulation_1.fq.gz	pos_gc	139	38.85
simulation_1.fq.gz	pos_gc	140	39.9437
simulation_1.fq.gz	pos_gc	141	39.6623
simulation_1.fq.gz	pos_gc	142	39.4924
simulation_1.fq.gz	pos_gc	143	39.5827
simulation_1.fq.gz	pos_gc	144	38.8287
simulation_1.fq.gz	pos_gc	145	39.3968
simulation_1.fq.gz	pos_gc	146	40.0127
simulation_1.fq.gz	pos_gc	147	40.1455
simulation_1.fq.gz	pos_gc	148	39.5296
simulation_1.fq.gz	pos_gc	149	39.4977
simulation_1.fq.gz	pos_gc	150	39.9968
simulation_1.fq.gz	read_gc	0	0
simulation_1.fq.gz	read_gc	1	0
simulation_1.fq.gz	read_gc	2	0
simulation_1.fq.gz	read_gc	3	1
simulation_1.fq.gz	read_gc	4	1
simulation_1.fq.gz	read_gc	5	2
simulation_1.fq.gz	read_gc	6	1
simulation_1.fq.gz	read_gc	7	0
simulation_1.fq.gz	read_gc	8	0
simulation_1.fq.gz	read_gc	9	0
simulation_1.fq.gz	read_gc	10	1
simulation_1.fq.gz	read_gc	11	0
simulation_1.fq.gz	read_gc	12	0
simulation_1.fq.gz	read_gc	13	2
simulation_1.fq.gz	read_gc	14	2
simulation_1.fq.gz	read_gc	15	1
simulation_1.fq.gz	read_gc	16	2
simulation_1.fq.gz	read_gc	17	4
simulation_1.fq.gz	read_gc	18	24
simulation_1.fq.gz	read_gc	19	19
simulation_1.fq.gz	read_gc	20	68
simulation_1.fq.gz	read_gc	21	50
simulation_1.fq.gz	read_gc	22	133
simulation_1.fq.gz	read_gc	23	77
simulation_1.fq.gz	read_gc	24	229
simulation_1.fq.gz	read_gc	25	124
simulation_1.fq.gz	read_gc	26	227
simulation_1.fq.gz	read_gc	27	99
simulation_1.fq.gz	read_gc	28	262
simulation_1.fq.gz	read_gc	29	131
simulation_1.fq.gz	read_gc	30	294
simulation_1.fq.gz	read_gc	31	182
simulation_1.fq.gz	read_gc	32	565
simulation_1.fq.gz	read_gc	33	437
simulation_1.fq.gz	read_gc	34	1288
simulation_1.fq.gz	read_gc	35	971
simulation_1.fq.gz	read_gc	36	2259
simulation_1.fq.gz	read_gc	37	1209
simulation_1.fq.gz	read_gc	38	2209
simulation_1.fq.gz	read_gc	39	920
simulation_1.fq.gz	read_gc	40	1445
simulation_1.fq.gz	read_gc	41	568
simulation_1.fq.gz	read_gc	42	946
simulation_1.fq.gz	read_gc	43	330
simulation_1.fq.gz	read_gc	44	526
simulation_1.fq.gz	read_gc	45	237
simulation_1.fq.gz	read_gc	46	392
simulation_1.fq.gz	read_gc	47	183
simulation_1.fq.gz	read_gc	48	317
simulation_1.fq.gz	read_gc	49	141
simulation_1.fq.gz	read_gc	50	295
simulation_1.fq.gz	read_gc	51	100
simulation_1.fq.gz	read_gc	52	188
simulation_1.fq.gz	read_gc	53	106
simulation_1.fq.gz	read_gc	54	190
simulation_1.fq.gz	read_gc	55	79
simulation_1.fq.gz	read_gc	56	112
simulation_1.fq.gz	read_gc	57	121
simulation_1.fq.gz	read_gc	58	60
simulation_1.fq.gz	read_gc	59	57
simulation_1.fq.gz	read_gc	60	81
simulation_1.fq.gz	read_gc	61	46
simulation_1.fq.gz	read_gc	62	82
simulation_1.fq.gz	read_gc	63	35
simulation_1.fq.gz	read_gc	64	62
simulation_1.fq.gz	read_gc	65	31
simulation_1.fq.gz	read_gc	66	35
simulation_1.fq.gz	read_gc	67	12
simulation_1.fq.gz	read_gc	68	36
simulation_1.fq.gz	read_gc	69	14
simulation_1.fq.gz	read_gc	70	28
simulation_1.fq.gz	read_gc	71	11
simulation_1.fq.gz	read_gc	72	13
simulation_1.fq.gz	read_gc	73	7
simulation_1.fq.gz	read_gc	74	9
simulation_1.fq.gz	read_gc	75	6
simulation_1.fq.gz	read_gc	76	13
simulation_1.fq.gz	read_gc	77	7
simulation_1.fq.gz	read_gc	78	25
simulation_1.fq.gz	read_gc	79	17
simulation_1.fq.gz	read_gc	80	47
simulation_1.fq.gz	read_gc	81	5
simulation_1.fq.gz	read_gc	82	8
simulation_1.fq.gz	read_gc	83	3
simulation_1.fq.gz	read_gc	84	8
simulation_1.fq.gz	read_gc	85	3
simulation_1.fq.gz	read_gc	86	2
simulation_1.fq.gz	read_gc	87	1
simulation_1.fq.gz	read_gc	88	0
simulation_1.fq.gz	read_gc	89	0
simulation_1.fq.gz	read_gc	90	0
simulation_1.fq.gz	read_gc	91	0
simulation_1.fq.gz	read_gc	92	0
simulation_1.fq.gz	read_gc	93	0
simulation_1.fq.gz	read_gc	94	0
simulation_1.fq.gz	read_gc	95	0
simulation_1.fq.gz	read_gc	96	0
simulation_1.fq.gz	read_gc	97	0
simulation_1.fq.gz	read_gc	98	0
simulation_1.fq.gz	read_gc	99	0
simulation_1.fq.gz	read_gc	100	0
simulation_1.fq.gz	CGTCG	None	0.025735
simulation_1.fq.gz	CGACG	None	0.0329843
simulation_1.fq.gz	TCGCG	None	0.0329843
simulation_1.fq.gz	CGCGA	None	0.0344342
simulation_1.fq.gz	ACGCG	None	0.0373339
simulation_1.fq.gz	CGCGT	None	0.0496577
simulation_1.fq.gz	ACGAC	None	0.062344
simulation_1.fq.gz	CGCGC	None	0.0641563
simulation_1.fq.gz	GTCGT	None	0.0645188
simulation_1.fq.gz	GCGAC	None	0.0663311
simulation_1.fq.gz	TACGC	None	0.067781
simulation_1.fq.gz	GTCGG	None	0.0688684
simulation_1.fq.gz	CGCTA	None	0.0688684
simulation_1.fq.gz	GTACG	None	0.0706807
simulation_1.fq.gz	GCGTA	None	0.0717681
simulation_1.fq.gz	GTCGC	None	0.0721305
simulation_1.fq.gz	TAGCG	None	0.072493
simulation_1.fq.gz	CGTAC	None	0.0732179
simulation_1.fq.gz	GGTCG	None	0.0753927
simulation_1.fq.gz	GACCG	None	0.0764801
simulation_1.fq.gz	GCGCG	None	0.0775675
simulation_1.fq.gz	CGACC	None	0.0844544
simulation_1.fq.gz	TACCG	None	0.0848168
simulation_1.fq.gz	CCGAC	None	0.0855418
simulation_1.fq.gz	ATCGG	None	0.0859042
simulation_1.fq.gz	CCGAT	None	0.0859042
simulation_1.fq.gz	ACCGG	None	0.0866291
simulation_1.fq.gz	CGGTC	None	0.0877165
simulation_1.fq.gz	CGAGC	None	0.0888039
simulation_1.fq.gz	CGACA	None	0.0898913
simulation_1.fq.gz	TCGTC	None	0.0902538
simulation_1.fq.gz	CCGGT	None	0.0906163
simulation_1.fq.gz	CGCCG	None	0.0913412
simulation_1.fq.gz	GACGC	None	0.0913412
simulation_1.fq.gz	CGGTA	None	0.0924286
simulation_1.fq.gz	CGCGG	None	0.0942409
simulation_1.fq.gz	CCGCG	None	0.0946034
simulation_1.fq.gz	ACCGA	None	0.098228
simulation_1.fq.gz	GCGTC	None	0.098953
simulation_1.fq.gz	TGTCG	None	0.0993154
simulation_1.fq.gz	GTCGA	None	0.100765
simulation_1.fq.gz	TCGGT	None	0.102578
simulation_1.fq.gz	GCTCG	None	0.102578
simulation_1.fq.gz	GACGA	None	0.10439
simulation_1.fq.gz	AGTCG	None	0.10439
simulation_1.fq.gz	TTACG	None	0.104752
simulation_1.fq.gz	TCGAC	None	0.104752
simulation_1.fq.gz	GCGAA	None	0.105115
simulation_1.fq.gz	CTCGC	None	0.106565
simulation_1.fq.gz	GCGAG	None	0.10874
simulation_1.fq.gz	GATCG	None	0.109102
simulation_1.fq.gz	CGTAA	None	0.110914
simulation_1.fq.gz	CCGTA	None	0.111639
simulation_1.fq.gz	CGACT	None	0.111639
simulation_1.fq.gz	CGAAC	None	0.112364
simulation_1.fq.gz	GGCGA	None	0.112364
simulation_1.fq.gz	CGGCG	None	0.113089
simulation_1.fq.gz	CGGTT	None	0.113452
simulation_1.fq.gz	CGGCA	None	0.114176
simulation_1.fq.gz	GTTCG	None	0.115264
simulation_1.fq.gz	TCGCC	None	0.115626
simulation_1.fq.gz	CGGAT	None	0.116351
simulation_1.fq.gz	TCGGG	None	0.116714
simulation_1.fq.gz	CGATC	None	0.116714
simulation_1.fq.gz	TACGG	None	0.119251
simulation_1.fq.gz	TCGGC	None	0.119613
simulation_1.fq.gz	AACCG	None	0.119613
simulation_1.fq.gz	TTCGC	None	0.119613
simulation_1.fq.gz	TATCG	None	0.120338
simulation_1.fq.gz	TGCCG	None	0.120338
simulation_1.fq.gz	ATCCG	None	0.122151
simulation_1.fq.gz	ACGGC	None	0.122513
simulation_1.fq.gz	GCCGT	None	0.125413
simulation_1.fq.gz	CGTTA	None	0.125775
simulation_1.fq.gz	TCCGA	None	0.129038
simulation_1.fq.gz	GCGGT	None	0.1294
simulation_1.fq.gz	GCGCA	None	0.13085
simulation_1.fq.gz	TAACG	None	0.131575
simulation_1.fq.gz	CCCGA	None	0.1323
simulation_1.fq.gz	CGTGC	None	0.132662
simulation_1.fq.gz	GCCGA	None	0.132662
simulation_1.fq.gz	ACGCC	None	0.133025
simulation_1.fq.gz	TCGGA	None	0.133387
simulation_1.fq.gz	ACCGC	None	0.13375
simulation_1.fq.gz	GCACG	None	0.136287
simulation_1.fq.gz	ACGAG	None	0.141361
simulation_1.fq.gz	CTCGT	None	0.141361
simulation_1.fq.gz	CGATA	None	0.142811
simulation_1.fq.gz	GGCGT	None	0.144261
simulation_1.fq.gz	TTCGG	None	0.146073
simulation_1.fq.gz	ATGCG	None	0.147161
simulation_1.fq.gz	CGCAT	None	0.147886
simulation_1.fq.gz	TGGCG	None	0.150061
simulation_1.fq.gz	TGCGC	None	0.150061
simulation_1.fq.gz	GTCCG	None	0.150423
simulation_1.fq.gz	TCCGC	None	0.15151
simulation_1.fq.gz	CCGAA	None	0.152598
simulation_1.fq.gz	ACCGT	None	0.154773
simulation_1.fq.gz	CGCCA	None	0.156222
simulation_1.fq.gz	TACGT	None	0.157672
simulation_1.fq.gz	CCGGA	None	0.158035
simulation_1.fq.gz	TCCGG	None	0.158397
simulation_1.fq.gz	TCGTG	None	0.15876
simulation_1.fq.gz	ATACG	None	0.159122
simulation_1.fq.gz	AGCGT	None	0.160934
simulation_1.fq.gz	CGTAG	None	0.162384
simulation_1.fq.gz	TACGA	None	0.164197
simulation_1.fq.gz	TGACG	None	0.164922
simulation_1.fq.gz	ACGTA	None	0.166371
simulation_1.fq.gz	ATCGT	None	0.166371
simulation_1.fq.gz	CGTCC	None	0.167096
simulation_1.fq.gz	ACGAT	None	0.167459
simulation_1.fq.gz	GCGGA	None	0.167459
simulation_1.fq.gz	CCGCA	None	0.167459
simulation_1.fq.gz	CCGAG	None	0.168184
simulation_1.fq.gz	TGCGG	None	0.168546
simulation_1.fq.gz	TCGTA	None	0.168546
simulation_1.fq.gz	CGGAC	None	0.168546
simulation_1.fq.gz	TTGCG	None	0.169271
simulation_1.fq.gz	CGTAT	None	0.169996
simulation_1.fq.gz	ACGCT	None	0.169996
simulation_1.fq.gz	CACGA	None	0.170359
simulation_1.fq.gz	GACGT	None	0.171084
simulation_1.fq.gz	TGCGA	None	0.172171
simulation_1.fq.gz	ACGGT	None	0.172533
simulation_1.fq.gz	CTCGG	None	0.172533
simulation_1.fq.gz	CTACG	None	0.172896
simulation_1.fq.gz	CACGC	None	0.175071
simulation_1.fq.gz	GCGTG	None	0.177608
simulation_1.fq.gz	GGACG	None	0.17797
simulation_1.fq.gz	AGCGA	None	0.179058
simulation_1.fq.gz	CGTCA	None	0.179783
simulation_1.fq.gz	GGCGC	None	0.180508
simulation_1.fq.gz	CCGGC	None	0.181233
simulation_1.fq.gz	CGCAA	None	0.181233
simulation_1.fq.gz	TCGCA	None	0.181595
simulation_1.fq.gz	ACCCG	None	0.184495
simulation_1.fq.gz	ACGTC	None	0.184495
simulation_1.fq.gz	TCGCT	None	0.184857
simulation_1.fq.gz	CGGGT	None	0.184857
simulation_1.fq.gz	GCCCG	None	0.185582
simulation_1.fq.gz	CCTCG	None	0.187394
simulation_1.fq.gz	CGCAC	None	0.190294
simulation_1.fq.gz	CACCG	None	0.190657
simulation_1.fq.gz	GCGCC	None	0.191382
simulation_1.fq.gz	CGAGA	None	0.192469
simulation_1.fq.gz	TCTCG	None	0.193919
simulation_1.fq.gz	CGGGC	None	0.194644
simulation_1.fq.gz	CGAGG	None	0.199356
simulation_1.fq.gz	GTGCG	None	0.199718
simulation_1.fq.gz	GCCGG	None	0.200443
simulation_1.fq.gz	CGCTG	None	0.202618
simulation_1.fq.gz	CGCCT	None	0.204068
simulation_1.fq.gz	CGGTG	None	0.20443
simulation_1.fq.gz	CCGCT	None	0.20443
simulation_1.fq.gz	CACGG	None	0.204793
simulation_1.fq.gz	CGTGG	None	0.206243
simulation_1.fq.gz	CGCAG	None	0.206605
simulation_1.fq.gz	CGAGT	None	0.208055
simulation_1.fq.gz	AGACG	None	0.208417
simulation_1.fq.gz	CCACG	None	0.209142
simulation_1.fq.gz	CTGCG	None	0.21023
simulation_1.fq.gz	CGTGT	None	0.210955
simulation_1.fq.gz	CCCGC	None	0.21168
simulation_1.fq.gz	CGGAG	None	0.213854
simulation_1.fq.gz	CGGCC	None	0.214942
simulation_1.fq.gz	CTCCG	None	0.215304
simulation_1.fq.gz	GCGAT	None	0.216029
simulation_1.fq.gz	ATCGC	None	0.216029
simulation_1.fq.gz	CCGTG	None	0.217479
simulation_1.fq.gz	AGGCG	None	0.217841
simulation_1.fq.gz	ACGTG	None	0.218566
simulation_1.fq.gz	ACTCG	None	0.219654
simulation_1.fq.gz	CAGCG	None	0.220016
simulation_1.fq.gz	GACGG	None	0.220741
simulation_1.fq.gz	GCCGC	None	0.221829
simulation_1.fq.gz	CGTGA	None	0.222554
simulation_1.fq.gz	CGTCT	None	0.224728
simulation_1.fq.gz	ACACG	None	0.224728
simulation_1.fq.gz	GGCCG	None	0.224728
simulation_1.fq.gz	CCGTC	None	0.225453
simulation_1.fq.gz	AGCGG	None	0.228715
simulation_1.fq.gz	TCACG	None	0.230528
simulation_1.fq.gz	TGCGT	None	0.232703
simulation_1.fq.gz	GCGGG	None	0.233065
simulation_1.fq.gz	CGCCC	None	0.23814
simulation_1.fq.gz	CCCCG	None	0.238864
simulation_1.fq.gz	GCGTT	None	0.239589
simulation_1.fq.gz	AGCCG	None	0.243214
simulation_1.fq.gz	CGGCT	None	0.245026
simulation_1.fq.gz	ACGCA	None	0.245389
simulation_1.fq.gz	CACGT	None	0.247201
simulation_1.fq.gz	AACGC	None	0.248289
simulation_1.fq.gz	CCCGG	None	0.250463
simulation_1.fq.gz	CCGCC	None	0.252276
simulation_1.fq.gz	GGGCG	None	0.25735
simulation_1.fq.gz	CGGGG	None	0.258075
simulation_1.fq.gz	CCGGG	None	0.260975
simulation_1.fq.gz	GCGGC	None	0.26315
simulation_1.fq.gz	CATCG	None	0.270761
simulation_1.fq.gz	CGGAA	None	0.273661
simulation_1.fq.gz	TCGAG	None	0.274024
simulation_1.fq.gz	AACGT	None	0.276923
simulation_1.fq.gz	CGATG	None	0.278373
simulation_1.fq.gz	CTCGA	None	0.283085
simulation_1.fq.gz	ACGTT	None	0.28671
simulation_1.fq.gz	TTCCG	None	0.291784
simulation_1.fq.gz	CGCTC	None	0.300121
simulation_1.fq.gz	GGCGG	None	0.302296
simulation_1.fq.gz	GAGCG	None	0.30592
simulation_1.fq.gz	CGATT	None	0.309545
simulation_1.fq.gz	ACGGA	None	0.313532
simulation_1.fq.gz	AATCG	None	0.31462
simulation_1.fq.gz	CGTTC	None	0.316794
simulation_1.fq.gz	CGAAG	None	0.328393
simulation_1.fq.gz	GACTA	None	0.334555
simulation_1.fq.gz	GAACG	None	0.335643
simulation_1.fq.gz	CTTCG	None	0.337817
simulation_1.fq.gz	TCCGT	None	0.341442
simulation_1.fq.gz	GTAGC	None	0.341805
simulation_1.fq.gz	GGTGC	None	0.343254
simulation_1.fq.gz	ATCGA	None	0.343617
simulation_1.fq.gz	TAGCC	None	0.343617
simulation_1.fq.gz	GCTTA	None	0.349416
simulation_1.fq.gz	TAAGC	None	0.349779
simulation_1.fq.gz	TAGTC	None	0.350141
simulation_1.fq.gz	GGACC	None	0.350504
simulation_1.fq.gz	GCTAC	None	0.351229
simulation_1.fq.gz	GGCTA	None	0.351954
simulation_1.fq.gz	GACCC	None	0.355578
simulation_1.fq.gz	GGGTC	None	0.355578
simulation_1.fq.gz	CCCTA	None	0.357753
simulation_1.fq.gz	GCACC	None	0.36029
simulation_1.fq.gz	TAACC	None	0.364277
simulation_1.fq.gz	GGTAA	None	0.374064
simulation_1.fq.gz	TCGAT	None	0.374789
simulation_1.fq.gz	TTACC	None	0.374789
simulation_1.fq.gz	GCAAC	None	0.375514
simulation_1.fq.gz	GTTGC	None	0.376239
simulation_1.fq.gz	GGGCC	None	0.376964
simulation_1.fq.gz	GGTTA	None	0.384213
simulation_1.fq.gz	GGTCC	None	0.384213
simulation_1.fq.gz	TTAGC	None	0.388563
simulation_1.fq.gz	TAGGG	None	0.38965
simulation_1.fq.gz	GGCCC	None	0.390737
simulation_1.fq.gz	GTGCC	None	0.394
simulation_1.fq.gz	CTAGC	None	0.395449
simulation_1.fq.gz	GGCAC	None	0.399074
simulation_1.fq.gz	GCTAG	None	0.403786
simulation_1.fq.gz	GCTAA	None	0.405598
simulation_1.fq.gz	GGATC	None	0.406323
simulation_1.fq.gz	GATCC	None	0.410673
simulation_1.fq.gz	GTCCC	None	0.412123
simulation_1.fq.gz	GGGAC	None	0.415385
simulation_1.fq.gz	GCATC	None	0.421909
simulation_1.fq.gz	CTTAC	None	0.425171
simulation_1.fq.gz	CTAGG	None	0.425534
simulation_1.fq.gz	GTACC	None	0.428796
simulation_1.fq.gz	CCTAG	None	0.431696
simulation_1.fq.gz	GATGC	None	0.434596
simulation_1.fq.gz	GGTAC	None	0.445832
simulation_1.fq.gz	CTTAG	None	0.446194
simulation_1.fq.gz	CAACG	None	0.446557
simulation_1.fq.gz	TGACC	None	0.450544
simulation_1.fq.gz	GGTCA	None	0.450544
simulation_1.fq.gz	CTAAG	None	0.453444
simulation_1.fq.gz	GTTAC	None	0.453806
simulation_1.fq.gz	CTACC	None	0.455619
simulation_1.fq.gz	GTAAG	None	0.456706
simulation_1.fq.gz	ATGAC	None	0.458881
simulation_1.fq.gz	CACTA	None	0.460331
simulation_1.fq.gz	GGTTG	None	0.462868
simulation_1.fq.gz	CCTAC	None	0.465405
simulation_1.fq.gz	GACCA	None	0.466855
simulation_1.fq.gz	GGGGC	None	0.469392
simulation_1.fq.gz	TGGTC	None	0.469755
simulation_1.fq.gz	GTAAC	None	0.473379
simulation_1.fq.gz	TAGTG	None	0.474104
simulation_1.fq.gz	GTAGG	None	0.475192
simulation_1.fq.gz	CGTTG	None	0.477366
simulation_1.fq.gz	GGTAG	None	0.480629
simulation_1.fq.gz	TATGC	None	0.482079
simulation_1.fq.gz	CAACC	None	0.483528
simulation_1.fq.gz	GTCAT	None	0.484616
simulation_1.fq.gz	CCTTA	None	0.485341
simulation_1.fq.gz	TACCC	None	0.487878
simulation_1.fq.gz	GGCAA	None	0.48969
simulation_1.fq.gz	AGATC	None	0.490053
simulation_1.fq.gz	ACCCC	None	0.490415
simulation_1.fq.gz	GGGGT	None	0.490778
simulation_1.fq.gz	TAAGG	None	0.49114
simulation_1.fq.gz	GATCT	None	0.49694
simulation_1.fq.gz	ATACC	None	0.497665
simulation_1.fq.gz	GCCCC	None	0.498752
simulation_1.fq.gz	TCCCG	None	0.506364
simulation_1.fq.gz	CGGGA	None	0.507814
simulation_1.fq.gz	TCCCC	None	0.511438
simulation_1.fq.gz	CCCCC	None	0.511438
simulation_1.fq.gz	GCATA	None	0.516513
simulation_1.fq.gz	GGGTA	None	0.5176
simulation_1.fq.gz	GGTAT	None	0.518325
simulation_1.fq.gz	GGGGG	None	0.519412
simulation_1.fq.gz	ATAAC	None	0.519775
simulation_1.fq.gz	CCCGT	None	0.519775
simulation_1.fq.gz	GATCA	None	0.520137
simulation_1.fq.gz	ATGCC	None	0.521225
simulation_1.fq.gz	GGCAT	None	0.52195
simulation_1.fq.gz	GCTTG	None	0.522312
simulation_1.fq.gz	CTAAC	None	0.522675
simulation_1.fq.gz	GTTAG	None	0.523037
simulation_1.fq.gz	CGAAA	None	0.5234
simulation_1.fq.gz	GCCAT	None	0.524487
simulation_1.fq.gz	CTGAC	None	0.525937
simulation_1.fq.gz	GTGAC	None	0.527749
simulation_1.fq.gz	CCTAA	None	0.527749
simulation_1.fq.gz	TGATC	None	0.527749
simulation_1.fq.gz	GTCAC	None	0.528112
simulation_1.fq.gz	ATAGC	None	0.528112
simulation_1.fq.gz	GCCAC	None	0.530286
simulation_1.fq.gz	ATGGC	None	0.530649
simulation_1.fq.gz	GCCAA	None	0.532099
simulation_1.fq.gz	ACGGG	None	0.532824
simulation_1.fq.gz	ATTCG	None	0.533549
simulation_1.fq.gz	TAGCA	None	0.535723
simulation_1.fq.gz	ACCCT	None	0.537898
simulation_1.fq.gz	AAGCG	None	0.538261
simulation_1.fq.gz	AGGGT	None	0.538261
simulation_1.fq.gz	TTTCG	None	0.538623
simulation_1.fq.gz	GGTGT	None	0.539348
simulation_1.fq.gz	AGGAC	None	0.539348
simulation_1.fq.gz	GTGGC	None	0.542248
simulation_1.fq.gz	GACTG	None	0.543335
simulation_1.fq.gz	ACACC	None	0.543698
simulation_1.fq.gz	ACCTA	None	0.54551
simulation_1.fq.gz	GACCT	None	0.546235
simulation_1.fq.gz	TTGCC	None	0.54696
simulation_1.fq.gz	CGCTT	None	0.547322
simulation_1.fq.gz	AGGGG	None	0.548772
simulation_1.fq.gz	GTCAG	None	0.549135
simulation_1.fq.gz	TGGGC	None	0.550222
simulation_1.fq.gz	AACGA	None	0.550584
simulation_1.fq.gz	CGAAT	None	0.550947
simulation_1.fq.gz	GGGCA	None	0.550947
simulation_1.fq.gz	GTTAT	None	0.552034
simulation_1.fq.gz	GACAC	None	0.553122
simulation_1.fq.gz	GAGTC	None	0.553847
simulation_1.fq.gz	TCGTT	None	0.553847
simulation_1.fq.gz	CCCCT	None	0.556021
simulation_1.fq.gz	AGACC	None	0.556384
simulation_1.fq.gz	TTGGC	None	0.556384
simulation_1.fq.gz	GGGGA	None	0.556746
simulation_1.fq.gz	GCCCA	None	0.556746
simulation_1.fq.gz	GCTAT	None	0.558196
simulation_1.fq.gz	ACCAG	None	0.558196
simulation_1.fq.gz	GCCCT	None	0.560008
simulation_1.fq.gz	CACCC	None	0.561458
simulation_1.fq.gz	GCGCT	None	0.562183
simulation_1.fq.gz	GTTCC	None	0.562183
simulation_1.fq.gz	GTGTC	None	0.562546
simulation_1.fq.gz	CAAGC	None	0.563271
simulation_1.fq.gz	TACCT	None	0.564358
simulation_1.fq.gz	TAGGT	None	0.565445
simulation_1.fq.gz	TAATC	None	0.567258
simulation_1.fq.gz	AGCGC	None	0.56762
simulation_1.fq.gz	GCATG	None	0.568345
simulation_1.fq.gz	CATGC	None	0.568708
simulation_1.fq.gz	GGAAC	None	0.570158
simulation_1.fq.gz	ATTAG	None	0.571245
simulation_1.fq.gz	TGCCC	None	0.571607
simulation_1.fq.gz	GGGTG	None	0.571607
simulation_1.fq.gz	AGGTC	None	0.57342
simulation_1.fq.gz	TGCTA	None	0.573782
simulation_1.fq.gz	GACTC	None	0.574507
simulation_1.fq.gz	GGCTC	None	0.57487
simulation_1.fq.gz	GGTCT	None	0.576682
simulation_1.fq.gz	CTAAT	None	0.577044
simulation_1.fq.gz	AGGTA	None	0.579219
simulation_1.fq.gz	GGGTT	None	0.579219
simulation_1.fq.gz	TTAGG	None	0.582119
simulation_1.fq.gz	GATTA	None	0.583931
simulation_1.fq.gz	AGGGC	None	0.584294
simulation_1.fq.gz	CCGTT	None	0.586106
simulation_1.fq.gz	CTGGT	None	0.586468
simulation_1.fq.gz	ATAAG	None	0.587918
simulation_1.fq.gz	CAGTC	None	0.589368
simulation_1.fq.gz	GGATG	None	0.59118
simulation_1.fq.gz	GTCCT	None	0.591543
simulation_1.fq.gz	GGACT	None	0.593355
simulation_1.fq.gz	AGTAC	None	0.59408
simulation_1.fq.gz	CTGGC	None	0.59553
simulation_1.fq.gz	AACGG	None	0.59698
simulation_1.fq.gz	AAGCC	None	0.598067
simulation_1.fq.gz	TTCGT	None	0.59843
simulation_1.fq.gz	AACCC	None	0.60133
simulation_1.fq.gz	AGCCC	None	0.601692
simulation_1.fq.gz	TACTC	None	0.602417
simulation_1.fq.gz	GCCAG	None	0.602417
simulation_1.fq.gz	CATCC	None	0.603504
simulation_1.fq.gz	CTTAA	None	0.603504
simulation_1.fq.gz	GTATC	None	0.605317
simulation_1.fq.gz	ACTTA	None	0.607491
simulation_1.fq.gz	GTCAA	None	0.608941
simulation_1.fq.gz	GGGCT	None	0.609304
simulation_1.fq.gz	GAGCC	None	0.609304
simulation_1.fq.gz	ACTGG	None	0.611479
simulation_1.fq.gz	GATAC	None	0.614378
simulation_1.fq.gz	ACGAA	None	0.616916
simulation_1.fq.gz	CTTAT	None	0.618728
simulation_1.fq.gz	GGCTT	None	0.620178
simulation_1.fq.gz	TTAAG	None	0.620903
simulation_1.fq.gz	GAGTA	None	0.622352
simulation_1.fq.gz	TACCA	None	0.62344
simulation_1.fq.gz	TTGAC	None	0.624165
simulation_1.fq.gz	TTATC	None	0.624527
simulation_1.fq.gz	GATAA	None	0.625615
simulation_1.fq.gz	CTATA	None	0.62634
simulation_1.fq.gz	TGGTA	None	0.626702
simulation_1.fq.gz	TAAGT	None	0.627789
simulation_1.fq.gz	GTACT	None	0.632502
simulation_1.fq.gz	TCGAA	None	0.638663
simulation_1.fq.gz	GACAA	None	0.639751
simulation_1.fq.gz	AGTCC	None	0.640476
simulation_1.fq.gz	GTCTC	None	0.640838
simulation_1.fq.gz	TATAG	None	0.641563
simulation_1.fq.gz	TTGTC	None	0.642651
simulation_1.fq.gz	CTGAT	None	0.6441
simulation_1.fq.gz	GCAGC	None	0.644463
simulation_1.fq.gz	TACTA	None	0.64555
simulation_1.fq.gz	TTAAC	None	0.645913
simulation_1.fq.gz	TAGTA	None	0.646638
simulation_1.fq.gz	GTGGT	None	0.646638
simulation_1.fq.gz	GCTGC	None	0.649537
simulation_1.fq.gz	TAAGA	None	0.650262
simulation_1.fq.gz	TCTTA	None	0.650625
simulation_1.fq.gz	CCCAC	None	0.6528
simulation_1.fq.gz	GTTAA	None	0.6528
simulation_1.fq.gz	CCAGT	None	0.653162
simulation_1.fq.gz	GTTGT	None	0.653524
simulation_1.fq.gz	GGCCA	None	0.654974
simulation_1.fq.gz	GCCTA	None	0.656062
simulation_1.fq.gz	CTTGG	None	0.656424
simulation_1.fq.gz	GTGGG	None	0.658237
simulation_1.fq.gz	TTCGA	None	0.661499
simulation_1.fq.gz	GAGAC	None	0.662224
simulation_1.fq.gz	ACAAC	None	0.664761
simulation_1.fq.gz	CCAAG	None	0.665848
simulation_1.fq.gz	ATCAG	None	0.666211
simulation_1.fq.gz	ACCAC	None	0.666573
simulation_1.fq.gz	ACTAT	None	0.668023
simulation_1.fq.gz	CATAC	None	0.669473
simulation_1.fq.gz	TGGCA	None	0.67201
simulation_1.fq.gz	TGCCA	None	0.673098
simulation_1.fq.gz	ATAGT	None	0.675997
simulation_1.fq.gz	GTATG	None	0.67781
simulation_1.fq.gz	CAGGG	None	0.681797
simulation_1.fq.gz	TGGCC	None	0.685059
simulation_1.fq.gz	TAGGC	None	0.685784
simulation_1.fq.gz	CCCTG	None	0.690496
simulation_1.fq.gz	TGACT	None	0.691583
simulation_1.fq.gz	GTAAT	None	0.692671
simulation_1.fq.gz	ACTAG	None	0.694483
simulation_1.fq.gz	AGCCA	None	0.69847
simulation_1.fq.gz	TAGCT	None	0.698833
simulation_1.fq.gz	TTGGT	None	0.69992
simulation_1.fq.gz	ATTGG	None	0.702095
simulation_1.fq.gz	CTAGT	None	0.702457
simulation_1.fq.gz	ATTAC	None	0.70282
simulation_1.fq.gz	CCCCA	None	0.703182
simulation_1.fq.gz	GATGG	None	0.705719
simulation_1.fq.gz	ATGGG	None	0.705719
simulation_1.fq.gz	GCAAT	None	0.706082
simulation_1.fq.gz	ACCAA	None	0.707894
simulation_1.fq.gz	GAGCT	None	0.710069
simulation_1.fq.gz	TAATG	None	0.711156
simulation_1.fq.gz	CCAAC	None	0.712606
simulation_1.fq.gz	CATTA	None	0.712606
simulation_1.fq.gz	CCAAT	None	0.712606
simulation_1.fq.gz	TGGGG	None	0.713694
simulation_1.fq.gz	CCCAT	None	0.714056
simulation_1.fq.gz	TGGCT	None	0.715144
simulation_1.fq.gz	ATTGC	None	0.720218
simulation_1.fq.gz	TAACT	None	0.720581
simulation_1.fq.gz	CCATG	None	0.720943
simulation_1.fq.gz	AGTCA	None	0.721668
simulation_1.fq.gz	TAGGA	None	0.72203
simulation_1.fq.gz	AGCTA	None	0.722755
simulation_1.fq.gz	GTTGG	None	0.723843
simulation_1.fq.gz	CCATC	None	0.733267
simulation_1.fq.gz	ATCCC	None	0.736891
simulation_1.fq.gz	CATGG	None	0.739066
simulation_1.fq.gz	AGCTC	None	0.740516
simulation_1.fq.gz	AAGGC	None	0.740516
simulation_1.fq.gz	CGTTT	None	0.740516
simulation_1.fq.gz	TCCTA	None	0.740879
simulation_1.fq.gz	GCCTT	None	0.743053
simulation_1.fq.gz	AGTTA	None	0.747403
simulation_1.fq.gz	CCCTC	None	0.755377
simulation_1.fq.gz	CCTTG	None	0.756102
simulation_1.fq.gz	GAGGG	None	0.756465
simulation_1.fq.gz	AAACG	None	0.756827
simulation_1.fq.gz	GTGCT	None	0.757552
simulation_1.fq.gz	ACTGA	None	0.759364
simulation_1.fq.gz	AGCAC	None	0.759727
simulation_1.fq.gz	GCTGA	None	0.760089
simulation_1.fq.gz	CAAGG	None	0.761539
simulation_1.fq.gz	AACCA	None	0.763714
simulation_1.fq.gz	TTACT	None	0.765526
simulation_1.fq.gz	TCATG	None	0.765526
simulation_1.fq.gz	CCATA	None	0.765889
simulation_1.fq.gz	TTAGT	None	0.768063
simulation_1.fq.gz	CATGA	None	0.768426
simulation_1.fq.gz	GGGAT	None	0.768788
simulation_1.fq.gz	TATGG	None	0.771688
simulation_1.fq.gz	ACTAA	None	0.772413
simulation_1.fq.gz	AGTGC	None	0.772775
simulation_1.fq.gz	GTCTG	None	0.772775
simulation_1.fq.gz	GGCAG	None	0.776763
simulation_1.fq.gz	AGTTC	None	0.778212
simulation_1.fq.gz	AAGAC	None	0.778575
simulation_1.fq.gz	GACTT	None	0.781837
simulation_1.fq.gz	GAACT	None	0.781837
simulation_1.fq.gz	AGTAA	None	0.781837
simulation_1.fq.gz	ATGAG	None	0.783287
simulation_1.fq.gz	TGGTT	None	0.785462
simulation_1.fq.gz	TCAGT	None	0.786187
simulation_1.fq.gz	CTGCC	None	0.786549
simulation_1.fq.gz	TCAGC	None	0.786912
simulation_1.fq.gz	CCAGC	None	0.787999
simulation_1.fq.gz	CAGAC	None	0.788724
simulation_1.fq.gz	CAATA	None	0.788724
simulation_1.fq.gz	CTCAT	None	0.790536
simulation_1.fq.gz	CAGCC	None	0.790899
simulation_1.fq.gz	GCACT	None	0.790899
simulation_1.fq.gz	TATTG	None	0.790899
simulation_1.fq.gz	ACCTC	None	0.791261
simulation_1.fq.gz	ACCCA	None	0.793436
simulation_1.fq.gz	ACAGC	None	0.795973
simulation_1.fq.gz	GAGGT	None	0.798873
simulation_1.fq.gz	GCTGT	None	0.800323
simulation_1.fq.gz	AAGTC	None	0.800685
simulation_1.fq.gz	AGTGA	None	0.800685
simulation_1.fq.gz	AGCCT	None	0.801048
simulation_1.fq.gz	CCCAA	None	0.802498
simulation_1.fq.gz	GCTCC	None	0.802498
simulation_1.fq.gz	GGAGC	None	0.803947
simulation_1.fq.gz	TGGGT	None	0.808297
simulation_1.fq.gz	CCTGA	None	0.810472
simulation_1.fq.gz	AGAAC	None	0.811197
simulation_1.fq.gz	TCACC	None	0.813734
simulation_1.fq.gz	TCACT	None	0.813734
simulation_1.fq.gz	GCTGG	None	0.814459
simulation_1.fq.gz	ACAGG	None	0.814821
simulation_1.fq.gz	ACAAG	None	0.816634
simulation_1.fq.gz	TGTCA	None	0.817721
simulation_1.fq.gz	ACTAC	None	0.820258
simulation_1.fq.gz	AGGCT	None	0.820621
simulation_1.fq.gz	AGTCT	None	0.825333
simulation_1.fq.gz	TGAGC	None	0.825695
simulation_1.fq.gz	GTCTT	None	0.825695
simulation_1.fq.gz	CTTGT	None	0.826058
simulation_1.fq.gz	GGTGA	None	0.827508
simulation_1.fq.gz	GTTCT	None	0.827508
simulation_1.fq.gz	AGTAG	None	0.82787
simulation_1.fq.gz	CCAGG	None	0.828233
simulation_1.fq.gz	GCAGG	None	0.828233
simulation_1.fq.gz	CTACT	None	0.830407
simulation_1.fq.gz	TTGGG	None	0.830407
simulation_1.fq.gz	CAGGC	None	0.83222
simulation_1.fq.gz	CATGT	None	0.832582
simulation_1.fq.gz	TGACA	None	0.833307
simulation_1.fq.gz	GCCTG	None	0.838382
simulation_1.fq.gz	GCTCA	None	0.838744
simulation_1.fq.gz	AGACT	None	0.838744
simulation_1.fq.gz	TTAGA	None	0.842369
simulation_1.fq.gz	GGCTG	None	0.843456
simulation_1.fq.gz	GGTTC	None	0.844906
simulation_1.fq.gz	ACCTG	None	0.845631
simulation_1.fq.gz	AGGTG	None	0.848168
simulation_1.fq.gz	CCTGC	None	0.848168
simulation_1.fq.gz	CAGGT	None	0.849981
simulation_1.fq.gz	GTAGT	None	0.850705
simulation_1.fq.gz	TCTAA	None	0.851068
simulation_1.fq.gz	CCTGG	None	0.85143
simulation_1.fq.gz	CTATC	None	0.851793
simulation_1.fq.gz	AGGCA	None	0.853605
simulation_1.fq.gz	TCAGG	None	0.855055
simulation_1.fq.gz	ACATG	None	0.85723
simulation_1.fq.gz	AAGGG	None	0.857955
simulation_1.fq.gz	CCTGT	None	0.858317
simulation_1.fq.gz	AGCAA	None	0.85868
simulation_1.fq.gz	GATAG	None	0.859405
simulation_1.fq.gz	TACTG	None	0.867016
simulation_1.fq.gz	CCCTT	None	0.867741
simulation_1.fq.gz	TTGCT	None	0.869554
simulation_1.fq.gz	CCTAT	None	0.877528
simulation_1.fq.gz	GAACC	None	0.87789
simulation_1.fq.gz	TGCCT	None	0.878615
simulation_1.fq.gz	CACCT	None	0.881515
simulation_1.fq.gz	CAGTA	None	0.881515
simulation_1.fq.gz	ATAGG	None	0.881877
simulation_1.fq.gz	GGTGG	None	0.882602
simulation_1.fq.gz	AGCTT	None	0.889489
simulation_1.fq.gz	CAATC	None	0.889489
simulation_1.fq.gz	CAAGA	None	0.889852
simulation_1.fq.gz	CCACC	None	0.889852
simulation_1.fq.gz	ACCAT	None	0.890214
simulation_1.fq.gz	TAAAC	None	0.894564
simulation_1.fq.gz	GGGAG	None	0.894926
simulation_1.fq.gz	AGCTG	None	0.897101
simulation_1.fq.gz	AATAG	None	0.898913
simulation_1.fq.gz	GATTG	None	0.901451
simulation_1.fq.gz	CAGCT	None	0.903263
simulation_1.fq.gz	ACAAT	None	0.90435
simulation_1.fq.gz	TTTAC	None	0.904713
simulation_1.fq.gz	CTCCC	None	0.9087
simulation_1.fq.gz	TATAC	None	0.909062
simulation_1.fq.gz	GTAAA	None	0.909425
simulation_1.fq.gz	CAGTG	None	0.910875
simulation_1.fq.gz	GTATA	None	0.911962
simulation_1.fq.gz	ATGGT	None	0.914499
simulation_1.fq.gz	ATTGT	None	0.917037
simulation_1.fq.gz	CCAGA	None	0.917761
simulation_1.fq.gz	ATGTC	None	0.918486
simulation_1.fq.gz	TCTTG	None	0.918849
simulation_1.fq.gz	TGTTA	None	0.919574
simulation_1.fq.gz	CTATT	None	0.922836
simulation_1.fq.gz	TAGAT	None	0.924648
simulation_1.fq.gz	CAATG	None	0.932985
simulation_1.fq.gz	GTTTA	None	0.93516
simulation_1.fq.gz	ATCTA	None	0.940234
simulation_1.fq.gz	GACAT	None	0.940234
simulation_1.fq.gz	TAACA	None	0.940959
simulation_1.fq.gz	AAGCT	None	0.942409
simulation_1.fq.gz	TACAC	None	0.943134
simulation_1.fq.gz	CACTG	None	0.944221
simulation_1.fq.gz	GGAGG	None	0.944946
simulation_1.fq.gz	CCTCC	None	0.945309
simulation_1.fq.gz	GTGTA	None	0.948933
simulation_1.fq.gz	TCTGG	None	0.954008
simulation_1.fq.gz	ACTCC	None	0.955095
simulation_1.fq.gz	GGAGT	None	0.962707
simulation_1.fq.gz	CAGGA	None	0.963795
simulation_1.fq.gz	TGGTG	None	0.967057
simulation_1.fq.gz	TGTCC	None	0.969594
simulation_1.fq.gz	AATTG	None	0.971406
simulation_1.fq.gz	CACCA	None	0.972131
simulation_1.fq.gz	CATTG	None	0.972856
simulation_1.fq.gz	TAGAC	None	0.975756
simulation_1.fq.gz	CAACA	None	0.976843
simulation_1.fq.gz	AGAGG	None	0.978656
simulation_1.fq.gz	AGGAT	None	0.987717
simulation_1.fq.gz	TTAAT	None	0.98953
simulation_1.fq.gz	TGGAC	None	0.994242
simulation_1.fq.gz	GGACA	None	0.995329
simulation_1.fq.gz	TCCTG	None	0.997866
simulation_1.fq.gz	ATTAA	None	1.00077
simulation_1.fq.gz	TCCAG	None	1.00113
simulation_1.fq.gz	CTAAA	None	1.00149
simulation_1.fq.gz	GTCTA	None	1.00584
simulation_1.fq.gz	GTCCA	None	1.0091
simulation_1.fq.gz	CTCCT	None	1.0091
simulation_1.fq.gz	CTTGA	None	1.01055
simulation_1.fq.gz	CCTCT	None	1.01128
simulation_1.fq.gz	CTGGG	None	1.01273
simulation_1.fq.gz	TGTTG	None	1.01454
simulation_1.fq.gz	AGGGA	None	1.01526
simulation_1.fq.gz	TCCCT	None	1.02034
simulation_1.fq.gz	AGATG	None	1.02469
simulation_1.fq.gz	CAATT	None	1.02759
simulation_1.fq.gz	CCCAG	None	1.02795
simulation_1.fq.gz	GTGCA	None	1.02976
simulation_1.fq.gz	AATAC	None	1.03339
simulation_1.fq.gz	TTTAG	None	1.0352
simulation_1.fq.gz	CTGGA	None	1.03629
simulation_1.fq.gz	GTACA	None	1.03665
simulation_1.fq.gz	TAAAG	None	1.03846
simulation_1.fq.gz	CATCT	None	1.041
simulation_1.fq.gz	TCTCC	None	1.04317
simulation_1.fq.gz	AATCC	None	1.04535
simulation_1.fq.gz	ATCCT	None	1.04535
simulation_1.fq.gz	GGAGA	None	1.04825
simulation_1.fq.gz	TCAAG	None	1.04934
simulation_1.fq.gz	AGGAG	None	1.05296
simulation_1.fq.gz	GGATT	None	1.05659
simulation_1.fq.gz	ACTGT	None	1.05731
simulation_1.fq.gz	TGTAC	None	1.05767
simulation_1.fq.gz	CATAG	None	1.06202
simulation_1.fq.gz	TGCAC	None	1.06782
simulation_1.fq.gz	GAGGC	None	1.06891
simulation_1.fq.gz	CTATG	None	1.07108
simulation_1.fq.gz	GAGAG	None	1.07398
simulation_1.fq.gz	GTATT	None	1.0758
simulation_1.fq.gz	GAGGA	None	1.07761
simulation_1.fq.gz	TGCTG	None	1.07761
simulation_1.fq.gz	ACAGT	None	1.07797
simulation_1.fq.gz	CTTTA	None	1.08015
simulation_1.fq.gz	TAATA	None	1.09174
simulation_1.fq.gz	GCCTC	None	1.09283
simulation_1.fq.gz	CTCTA	None	1.10117
simulation_1.fq.gz	TCCTC	None	1.10226
simulation_1.fq.gz	CAGCA	None	1.10334
simulation_1.fq.gz	GAGAT	None	1.10371
simulation_1.fq.gz	TATTA	None	1.11204
simulation_1.fq.gz	TAGAG	None	1.11349
simulation_1.fq.gz	AAACC	None	1.1153
simulation_1.fq.gz	AATTA	None	1.11639
simulation_1.fq.gz	TATCA	None	1.12038
simulation_1.fq.gz	TTCCC	None	1.1211
simulation_1.fq.gz	ATCTC	None	1.12835
simulation_1.fq.gz	GCACA	None	1.13017
simulation_1.fq.gz	TGTGC	None	1.13053
simulation_1.fq.gz	AAGGT	None	1.13089
simulation_1.fq.gz	GGTTT	None	1.13125
simulation_1.fq.gz	CTCTC	None	1.13198
simulation_1.fq.gz	GAACA	None	1.13415
simulation_1.fq.gz	TAATT	None	1.13452
simulation_1.fq.gz	TGGGA	None	1.13669
simulation_1.fq.gz	ATACT	None	1.13705
simulation_1.fq.gz	GATGA	None	1.13887
simulation_1.fq.gz	GGGAA	None	1.13959
simulation_1.fq.gz	TCCCA	None	1.14249
simulation_1.fq.gz	GCAAG	None	1.1443
simulation_1.fq.gz	TGATA	None	1.1472
simulation_1.fq.gz	TGTTC	None	1.15083
simulation_1.fq.gz	GAAGG	None	1.16388
simulation_1.fq.gz	AGTAT	None	1.16424
simulation_1.fq.gz	ACCTT	None	1.1646
simulation_1.fq.gz	CCTTC	None	1.16641
simulation_1.fq.gz	CTTGC	None	1.16786
simulation_1.fq.gz	ATGAT	None	1.17149
simulation_1.fq.gz	CATAT	None	1.17584
simulation_1.fq.gz	TCATC	None	1.18417
simulation_1.fq.gz	ATATG	None	1.19686
simulation_1.fq.gz	TGTGG	None	1.2081
simulation_1.fq.gz	AGAGC	None	1.20991
simulation_1.fq.gz	TCTAC	None	1.21063
simulation_1.fq.gz	CCACA	None	1.211
simulation_1.fq.gz	AAGTA	None	1.21208
simulation_1.fq.gz	GCAAA	None	1.21535
simulation_1.fq.gz	AACAA	None	1.22223
simulation_1.fq.gz	GTAGA	None	1.22223
simulation_1.fq.gz	AACAG	None	1.22404
simulation_1.fq.gz	GCTCT	None	1.22477
simulation_1.fq.gz	ATCAT	None	1.22876
simulation_1.fq.gz	CTGTA	None	1.23528
simulation_1.fq.gz	CTGAA	None	1.23709
simulation_1.fq.gz	CTGTT	None	1.23746
simulation_1.fq.gz	TTACA	None	1.24289
simulation_1.fq.gz	TCATA	None	1.24398
simulation_1.fq.gz	TATGA	None	1.24615
simulation_1.fq.gz	ATAAT	None	1.24905
simulation_1.fq.gz	ATTAT	None	1.24905
simulation_1.fq.gz	TTCAG	None	1.25014
simulation_1.fq.gz	TACTT	None	1.25413
simulation_1.fq.gz	TACAG	None	1.25485
simulation_1.fq.gz	GAATA	None	1.26102
simulation_1.fq.gz	TATTC	None	1.2621
simulation_1.fq.gz	ATTTA	None	1.26319
simulation_1.fq.gz	TTGTT	None	1.26718
simulation_1.fq.gz	TGTAA	None	1.2679
simulation_1.fq.gz	TCTAG	None	1.27189
simulation_1.fq.gz	AATGA	None	1.27769
simulation_1.fq.gz	CTAGA	None	1.27914
simulation_1.fq.gz	TAAAT	None	1.28603
simulation_1.fq.gz	TACAT	None	1.28965
simulation_1.fq.gz	TTTGC	None	1.29328
simulation_1.fq.gz	ATTGA	None	1.294
simulation_1.fq.gz	GAGCA	None	1.30524
simulation_1.fq.gz	ACTCA	None	1.31067
simulation_1.fq.gz	TATCC	None	1.31829
simulation_1.fq.gz	TCAAT	None	1.31937
simulation_1.fq.gz	TGAGT	None	1.31937
simulation_1.fq.gz	GGATA	None	1.33496
simulation_1.fq.gz	AGGTT	None	1.34366
simulation_1.fq.gz	GCAGT	None	1.3462
simulation_1.fq.gz	TGCTC	None	1.35054
simulation_1.fq.gz	ATGTA	None	1.35236
simulation_1.fq.gz	TCATT	None	1.35236
simulation_1.fq.gz	AACCT	None	1.35417
simulation_1.fq.gz	CTCAC	None	1.35453
simulation_1.fq.gz	GTGAG	None	1.35489
simulation_1.fq.gz	TCTAT	None	1.37483
simulation_1.fq.gz	ATAGA	None	1.37809
simulation_1.fq.gz	ACATC	None	1.37882
simulation_1.fq.gz	CTGTC	None	1.38389
simulation_1.fq.gz	GATGT	None	1.38498
simulation_1.fq.gz	ACTGC	None	1.38788
simulation_1.fq.gz	GACAG	None	1.38969
simulation_1.fq.gz	CTACA	None	1.3915
simulation_1.fq.gz	GAATT	None	1.40201
simulation_1.fq.gz	TTCAC	None	1.40238
simulation_1.fq.gz	CATAA	None	1.40636
simulation_1.fq.gz	GTGAT	None	1.41543
simulation_1.fq.gz	TATAA	None	1.41543
simulation_1.fq.gz	TGTAT	None	1.41579
simulation_1.fq.gz	ATCAC	None	1.41978
simulation_1.fq.gz	TGTAG	None	1.4234
simulation_1.fq.gz	ATACA	None	1.43174
simulation_1.fq.gz	TGCAT	None	1.43427
simulation_1.fq.gz	AATTC	None	1.43754
simulation_1.fq.gz	GTGAA	None	1.43935
simulation_1.fq.gz	AGGCC	None	1.44044
simulation_1.fq.gz	ATGCA	None	1.44406
simulation_1.fq.gz	GGCCT	None	1.44551
simulation_1.fq.gz	TTATA	None	1.4466
simulation_1.fq.gz	CAAGT	None	1.45892
simulation_1.fq.gz	ATGCT	None	1.46218
simulation_1.fq.gz	ACTTG	None	1.46436
simulation_1.fq.gz	AACTG	None	1.46472
simulation_1.fq.gz	ATCCA	None	1.47632
simulation_1.fq.gz	TTATG	None	1.47632
simulation_1.fq.gz	GCTTC	None	1.47777
simulation_1.fq.gz	CAGTT	None	1.47922
simulation_1.fq.gz	AGCAT	None	1.49626
simulation_1.fq.gz	AAAGC	None	1.50024
simulation_1.fq.gz	GTGTG	None	1.50169
simulation_1.fq.gz	TGGAT	None	1.51075
simulation_1.fq.gz	AACTA	None	1.51329
simulation_1.fq.gz	TAGTT	None	1.52163
simulation_1.fq.gz	AATAA	None	1.5325
simulation_1.fq.gz	GAGTG	None	1.5354
simulation_1.fq.gz	CTTCC	None	1.53758
simulation_1.fq.gz	ACTTC	None	1.53975
simulation_1.fq.gz	GCTTT	None	1.54048
simulation_1.fq.gz	GGAAG	None	1.54338
simulation_1.fq.gz	GAAGC	None	1.54628
simulation_1.fq.gz	CAAAC	None	1.54664
simulation_1.fq.gz	CACAC	None	1.55135
simulation_1.fq.gz	TTATT	None	1.55715
simulation_1.fq.gz	TGATT	None	1.55787
simulation_1.fq.gz	AACAT	None	1.57056
simulation_1.fq.gz	AATCA	None	1.57382
simulation_1.fq.gz	AGTGT	None	1.57382
simulation_1.fq.gz	GAAGT	None	1.57636
simulation_1.fq.gz	TGAGG	None	1.5789
simulation_1.fq.gz	CACTC	None	1.58143
simulation_1.fq.gz	GTTCA	None	1.58325
simulation_1.fq.gz	GTTTG	None	1.58542
simulation_1.fq.gz	AGTGG	None	1.59303
simulation_1.fq.gz	CCTCA	None	1.5934
simulation_1.fq.gz	TGGAG	None	1.60137
simulation_1.fq.gz	ACACT	None	1.60137
simulation_1.fq.gz	CCACT	None	1.605
simulation_1.fq.gz	AGACA	None	1.60753
simulation_1.fq.gz	TTTAA	None	1.60934
simulation_1.fq.gz	TTAAA	None	1.61152
simulation_1.fq.gz	TACAA	None	1.61478
simulation_1.fq.gz	CTCCA	None	1.61841
simulation_1.fq.gz	TGTCT	None	1.62094
simulation_1.fq.gz	CAGAT	None	1.62312
simulation_1.fq.gz	ATGTT	None	1.62384
simulation_1.fq.gz	TTGTA	None	1.62856
simulation_1.fq.gz	TGAAC	None	1.63001
simulation_1.fq.gz	GATTT	None	1.64704
simulation_1.fq.gz	ATCTG	None	1.65067
simulation_1.fq.gz	TTCTA	None	1.66661
simulation_1.fq.gz	AATGT	None	1.6764
simulation_1.fq.gz	AAATC	None	1.68148
simulation_1.fq.gz	AACTT	None	1.68909
simulation_1.fq.gz	ATCAA	None	1.70214
simulation_1.fq.gz	AAGTT	None	1.70214
simulation_1.fq.gz	TAGAA	None	1.7083
simulation_1.fq.gz	AGAGA	None	1.71808
simulation_1.fq.gz	AGCAG	None	1.71808
simulation_1.fq.gz	ACATT	None	1.71881
simulation_1.fq.gz	CTGCT	None	1.73838
simulation_1.fq.gz	GTGTT	None	1.74382
simulation_1.fq.gz	AACAC	None	1.74599
simulation_1.fq.gz	AAATT	None	1.75542
simulation_1.fq.gz	TCTCT	None	1.76086
simulation_1.fq.gz	TCTGC	None	1.77064
simulation_1.fq.gz	AAGAG	None	1.77064
simulation_1.fq.gz	TGATG	None	1.77753
simulation_1.fq.gz	TTGAT	None	1.78079
simulation_1.fq.gz	ACATA	None	1.78804
simulation_1.fq.gz	AATTT	None	1.7971
simulation_1.fq.gz	CATCA	None	1.80218
simulation_1.fq.gz	AAGTG	None	1.80399
simulation_1.fq.gz	GCAGA	None	1.82247
simulation_1.fq.gz	CTCTT	None	1.82791
simulation_1.fq.gz	TGCTT	None	1.82864
simulation_1.fq.gz	CTCAA	None	1.82972
simulation_1.fq.gz	CAACT	None	1.83009
simulation_1.fq.gz	CACTT	None	1.83009
simulation_1.fq.gz	AAGAT	None	1.84277
simulation_1.fq.gz	GATTC	None	1.85256
simulation_1.fq.gz	AAAGT	None	1.8551
simulation_1.fq.gz	AGTTG	None	1.86416
simulation_1.fq.gz	CTGAG	None	1.87249
simulation_1.fq.gz	TTGAG	None	1.87612
simulation_1.fq.gz	ATCTT	None	1.87902
simulation_1.fq.gz	AAGCA	None	1.88409
simulation_1.fq.gz	GAATC	None	1.89171
simulation_1.fq.gz	ATGTG	None	1.90693
simulation_1.fq.gz	TGAAG	None	1.91055
simulation_1.fq.gz	TGCAA	None	1.91128
simulation_1.fq.gz	TATGT	None	1.91672
simulation_1.fq.gz	CTGCA	None	1.91961
simulation_1.fq.gz	GAAAG	None	1.93738
simulation_1.fq.gz	AGATA	None	1.93883
simulation_1.fq.gz	CACAT	None	1.93991
simulation_1.fq.gz	TCTGA	None	1.94209
simulation_1.fq.gz	ACTTT	None	1.94897
simulation_1.fq.gz	TGCAG	None	1.9497
simulation_1.fq.gz	CTCAG	None	1.95079
simulation_1.fq.gz	CTTCA	None	1.95514
simulation_1.fq.gz	TTGCA	None	1.96094
simulation_1.fq.gz	TATCT	None	1.96311
simulation_1.fq.gz	AAATG	None	1.97652
simulation_1.fq.gz	CTTTC	None	1.9787
simulation_1.fq.gz	TCAGA	None	1.99175
simulation_1.fq.gz	TCAAC	None	1.9932
simulation_1.fq.gz	GAAGA	None	1.99646
simulation_1.fq.gz	ATGAA	None	2.01458
simulation_1.fq.gz	CACAG	None	2.02908
simulation_1.fq.gz	TTCAT	None	2.03778
simulation_1.fq.gz	GTGGA	None	2.04104
simulation_1.fq.gz	AGATT	None	2.04648
simulation_1.fq.gz	AACTC	None	2.05264
simulation_1.fq.gz	CATTT	None	2.05808
simulation_1.fq.gz	GTTGA	None	2.06315
simulation_1.fq.gz	TCCAC	None	2.0675
simulation_1.fq.gz	TCTTC	None	2.07004
simulation_1.fq.gz	ATTCA	None	2.07221
simulation_1.fq.gz	GAGTT	None	2.07837
simulation_1.fq.gz	TGAAT	None	2.07874
simulation_1.fq.gz	GCATT	None	2.08635
simulation_1.fq.gz	AATGC	None	2.08707
simulation_1.fq.gz	CACAA	None	2.08961
simulation_1.fq.gz	TTGTG	None	2.09106
simulation_1.fq.gz	AATCT	None	2.09396
simulation_1.fq.gz	TCCTT	None	2.14978
simulation_1.fq.gz	CTGTG	None	2.15123
simulation_1.fq.gz	AAGGA	None	2.15123
simulation_1.fq.gz	TGAGA	None	2.15884
simulation_1.fq.gz	ATATA	None	2.16319
simulation_1.fq.gz	TATAT	None	2.18349
simulation_1.fq.gz	CCATT	None	2.19146
simulation_1.fq.gz	TCTCA	None	2.19183
simulation_1.fq.gz	CCAAA	None	2.22699
simulation_1.fq.gz	AATGG	None	2.23931
simulation_1.fq.gz	CAGAG	None	2.24438
simulation_1.fq.gz	CTCTG	None	2.26613
simulation_1.fq.gz	GAGAA	None	2.28027
simulation_1.fq.gz	TCCAA	None	2.28607
simulation_1.fq.gz	TCCAT	None	2.28788
simulation_1.fq.gz	TTCTC	None	2.28969
simulation_1.fq.gz	TTGGA	None	2.29259
simulation_1.fq.gz	AGAGT	None	2.29984
simulation_1.fq.gz	TTTGG	None	2.30238
simulation_1.fq.gz	ATGGA	None	2.30347
simulation_1.fq.gz	GAAAT	None	2.3205
simulation_1.fq.gz	AGGAA	None	2.3263
simulation_1.fq.gz	ACTCT	None	2.32703
simulation_1.fq.gz	TTCCT	None	2.34044
simulation_1.fq.gz	CAAAT	None	2.37922
simulation_1.fq.gz	ATTTC	None	2.38792
simulation_1.fq.gz	ACACA	None	2.42344
simulation_1.fq.gz	TGTGT	None	2.43033
simulation_1.fq.gz	CTTCT	None	2.43214
simulation_1.fq.gz	AAAAC	None	2.44229
simulation_1.fq.gz	ATATC	None	2.44265
simulation_1.fq.gz	AAAGG	None	2.46114
simulation_1.fq.gz	TTTTC	None	2.4644
simulation_1.fq.gz	GATAT	None	2.46585
simulation_1.fq.gz	ATTCC	None	2.46875
simulation_1.fq.gz	GAAAA	None	2.47056
simulation_1.fq.gz	GTTTT	None	2.476
simulation_1.fq.gz	ATTTG	None	2.48869
simulation_1.fq.gz	AGAAG	None	2.49303
simulation_1.fq.gz	GGAAT	None	2.50065
simulation_1.fq.gz	CCTTT	None	2.51732
simulation_1.fq.gz	ATAAA	None	2.62787
simulation_1.fq.gz	TTTAT	None	2.68913
simulation_1.fq.gz	GGAAA	None	2.69529
simulation_1.fq.gz	AAGAA	None	2.69928
simulation_1.fq.gz	AAACA	None	2.71631
simulation_1.fq.gz	TTTCC	None	2.73589
simulation_1.fq.gz	TTCTT	None	2.75691
simulation_1.fq.gz	TGTTT	None	2.78518
simulation_1.fq.gz	TCACA	None	2.85622
simulation_1.fq.gz	CAAAG	None	2.87399
simulation_1.fq.gz	TGTGA	None	2.88558
simulation_1.fq.gz	TAAAA	None	2.92401
simulation_1.fq.gz	AAAAT	None	2.94793
simulation_1.fq.gz	ATTTT	None	2.96533
simulation_1.fq.gz	CTTTG	None	2.96533
simulation_1.fq.gz	TTTTA	None	2.96786
simulation_1.fq.gz	TTTCA	None	2.99904
simulation_1.fq.gz	TGAAA	None	3.02405
simulation_1.fq.gz	GTTTC	None	3.05558
simulation_1.fq.gz	ATTCT	None	3.08603
simulation_1.fq.gz	GAAAC	None	3.08675
simulation_1.fq.gz	AGAAT	None	3.08784
simulation_1.fq.gz	ACAAA	None	3.17664
simulation_1.fq.gz	AATAT	None	3.19803
simulation_1.fq.gz	ACAGA	None	3.2089
simulation_1.fq.gz	ATATT	None	3.22159
simulation_1.fq.gz	TTTGT	None	3.22558
simulation_1.fq.gz	TTCTG	None	3.25566
simulation_1.fq.gz	TCTGT	None	3.28212
simulation_1.fq.gz	CAGAA	None	3.28683
simulation_1.fq.gz	AAACT	None	3.38035
simulation_1.fq.gz	AGTTT	None	3.39449
simulation_1.fq.gz	AAATA	None	3.5141
simulation_1.fq.gz	CAAAA	None	3.53041
simulation_1.fq.gz	AAAAG	None	3.53077
simulation_1.fq.gz	TTCCA	None	3.54418
simulation_1.fq.gz	TGGAA	None	3.56702
simulation_1.fq.gz	AAAGA	None	3.56738
simulation_1.fq.gz	AGAAA	None	3.57536
simulation_1.fq.gz	CATTC	None	3.60943
simulation_1.fq.gz	TATTT	None	3.61523
simulation_1.fq.gz	TTTCT	None	3.61559
simulation_1.fq.gz	CTTTT	None	3.63806
simulation_1.fq.gz	TTTTG	None	3.64749
simulation_1.fq.gz	TCTTT	None	3.65655
simulation_1.fq.gz	GAATG	None	3.65872
simulation_1.fq.gz	TCAAA	None	3.70004
simulation_1.fq.gz	TTTGA	None	3.86823
simulation_1.fq.gz	TTCAA	None	3.92078
simulation_1.fq.gz	TTGAA	None	3.94978
simulation_1.fq.gz	AAAAA	None	4.93967
simulation_1.fq.gz	TTTTT	None	5.14882
